rgb_image,ir_image,label
1-TD-A-0.jpg,1-TD-A-0.jpg,1
1-TD-A-1.jpg,1-TD-A-1.jpg,1
1-TD-A-2.jpg,1-TD-A-2.jpg,1
1-TD-A-3.jpg,1-TD-A-3.jpg,1
1-TD-A-4.jpg,1-TD-A-4.jpg,1
1-TD-A-5.jpg,1-TD-A-5.jpg,1
1-TD-A-6.jpg,1-TD-A-6.jpg,1
1-TD-A-7.jpg,1-TD-A-7.jpg,1
1-TD-A-8.jpg,1-TD-A-8.jpg,1
1-TD-E-1.jpg,1-TD-E-1.jpg,1
1-TD-E-2.jpg,1-TD-E-2.jpg,1
1-TD-E-3.jpg,1-TD-E-3.jpg,1
1-TD-E-4.jpg,1-TD-E-4.jpg,1
1-TD-E-5.jpg,1-TD-E-5.jpg,1
10-TD-A-0.jpg,10-TD-A-0.jpg,10
10-TD-A-1.jpg,10-TD-A-1.jpg,10
10-TD-A-2.jpg,10-TD-A-2.jpg,10
10-TD-A-3.jpg,10-TD-A-3.jpg,10
10-TD-A-4.jpg,10-TD-A-4.jpg,10
10-TD-A-5.jpg,10-TD-A-5.jpg,10
10-TD-A-6.jpg,10-TD-A-6.jpg,10
10-TD-A-7.jpg,10-TD-A-7.jpg,10
10-TD-A-8.jpg,10-TD-A-8.jpg,10
10-TD-E-1.jpg,10-TD-E-1.jpg,10
10-TD-E-2.jpg,10-TD-E-2.jpg,10
10-TD-E-3.jpg,10-TD-E-3.jpg,10
10-TD-E-4.jpg,10-TD-E-4.jpg,10
10-TD-E-5.jpg,10-TD-E-5.jpg,10
100-TD-A-0.jpg,100-TD-A-0.jpg,100
100-TD-A-1.jpg,100-TD-A-1.jpg,100
100-TD-A-2.jpg,100-TD-A-2.jpg,100
100-TD-A-3.jpg,100-TD-A-3.jpg,100
100-TD-A-4.jpg,100-TD-A-4.jpg,100
100-TD-A-5.jpg,100-TD-A-5.jpg,100
100-TD-A-6.jpg,100-TD-A-6.jpg,100
100-TD-A-7.jpg,100-TD-A-7.jpg,100
100-TD-A-8.jpg,100-TD-A-8.jpg,100
100-TD-E-1.jpg,100-TD-E-1.jpg,100
100-TD-E-2.jpg,100-TD-E-2.jpg,100
100-TD-E-3.jpg,100-TD-E-3.jpg,100
100-TD-E-4.jpg,100-TD-E-4.jpg,100
100-TD-E-5.jpg,100-TD-E-5.jpg,100
101-TD-A-0.jpg,101-TD-A-0.jpg,101
101-TD-A-1.jpg,101-TD-A-1.jpg,101
101-TD-A-2.jpg,101-TD-A-2.jpg,101
101-TD-A-3.jpg,101-TD-A-3.jpg,101
101-TD-A-4.jpg,101-TD-A-4.jpg,101
101-TD-A-5.jpg,101-TD-A-5.jpg,101
101-TD-A-6.jpg,101-TD-A-6.jpg,101
101-TD-A-7.jpg,101-TD-A-7.jpg,101
101-TD-A-8.jpg,101-TD-A-8.jpg,101
101-TD-E-1.jpg,101-TD-E-1.jpg,101
101-TD-E-2.jpg,101-TD-E-2.jpg,101
101-TD-E-3.jpg,101-TD-E-3.jpg,101
101-TD-E-4.jpg,101-TD-E-4.jpg,101
101-TD-E-5.jpg,101-TD-E-5.jpg,101
102-TD-A-0.jpg,102-TD-A-0.jpg,102
102-TD-A-1.jpg,102-TD-A-1.jpg,102
102-TD-A-2.jpg,102-TD-A-2.jpg,102
102-TD-A-3.jpg,102-TD-A-3.jpg,102
102-TD-A-4.jpg,102-TD-A-4.jpg,102
102-TD-A-5.jpg,102-TD-A-5.jpg,102
102-TD-A-6.jpg,102-TD-A-6.jpg,102
102-TD-A-7.jpg,102-TD-A-7.jpg,102
102-TD-A-8.jpg,102-TD-A-8.jpg,102
102-TD-E-1.jpg,102-TD-E-1.jpg,102
102-TD-E-2.jpg,102-TD-E-2.jpg,102
102-TD-E-3.jpg,102-TD-E-3.jpg,102
102-TD-E-4.jpg,102-TD-E-4.jpg,102
102-TD-E-5.jpg,102-TD-E-5.jpg,102
103-TD-A-0.jpg,103-TD-A-0.jpg,103
103-TD-A-1.jpg,103-TD-A-1.jpg,103
103-TD-A-2.jpg,103-TD-A-2.jpg,103
103-TD-A-3.jpg,103-TD-A-3.jpg,103
103-TD-A-4.jpg,103-TD-A-4.jpg,103
103-TD-A-5.jpg,103-TD-A-5.jpg,103
103-TD-A-6.jpg,103-TD-A-6.jpg,103
103-TD-A-7.jpg,103-TD-A-7.jpg,103
103-TD-A-8.jpg,103-TD-A-8.jpg,103
103-TD-E-1.jpg,103-TD-E-1.jpg,103
103-TD-E-2.jpg,103-TD-E-2.jpg,103
103-TD-E-3.jpg,103-TD-E-3.jpg,103
103-TD-E-4.jpg,103-TD-E-4.jpg,103
103-TD-E-5.jpg,103-TD-E-5.jpg,103
104-TD-A-0.jpg,104-TD-A-0.jpg,104
104-TD-A-1.jpg,104-TD-A-1.jpg,104
104-TD-A-2.jpg,104-TD-A-2.jpg,104
104-TD-A-3.jpg,104-TD-A-3.jpg,104
104-TD-A-4.jpg,104-TD-A-4.jpg,104
104-TD-A-5.jpg,104-TD-A-5.jpg,104
104-TD-A-6.jpg,104-TD-A-6.jpg,104
104-TD-A-7.jpg,104-TD-A-7.jpg,104
104-TD-A-8.jpg,104-TD-A-8.jpg,104
104-TD-E-1.jpg,104-TD-E-1.jpg,104
104-TD-E-2.jpg,104-TD-E-2.jpg,104
104-TD-E-3.jpg,104-TD-E-3.jpg,104
104-TD-E-4.jpg,104-TD-E-4.jpg,104
104-TD-E-5.jpg,104-TD-E-5.jpg,104
105-TD-A-0.jpg,105-TD-A-0.jpg,105
105-TD-A-1.jpg,105-TD-A-1.jpg,105
105-TD-A-2.jpg,105-TD-A-2.jpg,105
105-TD-A-3.jpg,105-TD-A-3.jpg,105
105-TD-A-4.jpg,105-TD-A-4.jpg,105
105-TD-A-5.jpg,105-TD-A-5.jpg,105
105-TD-A-6.jpg,105-TD-A-6.jpg,105
105-TD-A-7.jpg,105-TD-A-7.jpg,105
105-TD-A-8.jpg,105-TD-A-8.jpg,105
105-TD-E-1.jpg,105-TD-E-1.jpg,105
105-TD-E-2.jpg,105-TD-E-2.jpg,105
105-TD-E-3.jpg,105-TD-E-3.jpg,105
105-TD-E-4.jpg,105-TD-E-4.jpg,105
105-TD-E-5.jpg,105-TD-E-5.jpg,105
106-TD-A-0.jpg,106-TD-A-0.jpg,106
106-TD-A-1.jpg,106-TD-A-1.jpg,106
106-TD-A-2.jpg,106-TD-A-2.jpg,106
106-TD-A-3.jpg,106-TD-A-3.jpg,106
106-TD-A-4.jpg,106-TD-A-4.jpg,106
106-TD-A-5.jpg,106-TD-A-5.jpg,106
106-TD-A-6.jpg,106-TD-A-6.jpg,106
106-TD-A-7.jpg,106-TD-A-7.jpg,106
106-TD-A-8.jpg,106-TD-A-8.jpg,106
106-TD-E-1.jpg,106-TD-E-1.jpg,106
106-TD-E-2.jpg,106-TD-E-2.jpg,106
106-TD-E-3.jpg,106-TD-E-3.jpg,106
106-TD-E-4.jpg,106-TD-E-4.jpg,106
106-TD-E-5.jpg,106-TD-E-5.jpg,106
107-TD-A-0.jpg,107-TD-A-0.jpg,107
107-TD-A-1.jpg,107-TD-A-1.jpg,107
107-TD-A-2.jpg,107-TD-A-2.jpg,107
107-TD-A-3.jpg,107-TD-A-3.jpg,107
107-TD-A-4.jpg,107-TD-A-4.jpg,107
107-TD-A-5.jpg,107-TD-A-5.jpg,107
107-TD-A-6.jpg,107-TD-A-6.jpg,107
107-TD-A-7.jpg,107-TD-A-7.jpg,107
107-TD-A-8.jpg,107-TD-A-8.jpg,107
107-TD-E-1.jpg,107-TD-E-1.jpg,107
107-TD-E-2.jpg,107-TD-E-2.jpg,107
107-TD-E-3.jpg,107-TD-E-3.jpg,107
107-TD-E-4.jpg,107-TD-E-4.jpg,107
107-TD-E-5.jpg,107-TD-E-5.jpg,107
108-TD-A-0.jpg,108-TD-A-0.jpg,108
108-TD-A-1.jpg,108-TD-A-1.jpg,108
108-TD-A-2.jpg,108-TD-A-2.jpg,108
108-TD-A-3.jpg,108-TD-A-3.jpg,108
108-TD-A-4.jpg,108-TD-A-4.jpg,108
108-TD-A-5.jpg,108-TD-A-5.jpg,108
108-TD-A-6.jpg,108-TD-A-6.jpg,108
108-TD-A-7.jpg,108-TD-A-7.jpg,108
108-TD-A-8.jpg,108-TD-A-8.jpg,108
108-TD-E-1.jpg,108-TD-E-1.jpg,108
108-TD-E-2.jpg,108-TD-E-2.jpg,108
108-TD-E-3.jpg,108-TD-E-3.jpg,108
108-TD-E-4.jpg,108-TD-E-4.jpg,108
108-TD-E-5.jpg,108-TD-E-5.jpg,108
109-TD-A-0.jpg,109-TD-A-0.jpg,109
109-TD-A-1.jpg,109-TD-A-1.jpg,109
109-TD-A-2.jpg,109-TD-A-2.jpg,109
109-TD-A-3.jpg,109-TD-A-3.jpg,109
109-TD-A-4.jpg,109-TD-A-4.jpg,109
109-TD-A-5.jpg,109-TD-A-5.jpg,109
109-TD-A-6.jpg,109-TD-A-6.jpg,109
109-TD-A-7.jpg,109-TD-A-7.jpg,109
109-TD-A-8.jpg,109-TD-A-8.jpg,109
109-TD-E-1.jpg,109-TD-E-1.jpg,109
109-TD-E-2.jpg,109-TD-E-2.jpg,109
109-TD-E-3.jpg,109-TD-E-3.jpg,109
109-TD-E-4.jpg,109-TD-E-4.jpg,109
109-TD-E-5.jpg,109-TD-E-5.jpg,109
11-TD-A-0.jpg,11-TD-A-0.jpg,11
11-TD-A-1.jpg,11-TD-A-1.jpg,11
11-TD-A-2.jpg,11-TD-A-2.jpg,11
11-TD-A-3.jpg,11-TD-A-3.jpg,11
11-TD-A-4.jpg,11-TD-A-4.jpg,11
11-TD-A-5.jpg,11-TD-A-5.jpg,11
11-TD-A-6.jpg,11-TD-A-6.jpg,11
11-TD-A-7.jpg,11-TD-A-7.jpg,11
11-TD-E-1.jpg,11-TD-E-1.jpg,11
11-TD-E-2.jpg,11-TD-E-2.jpg,11
11-TD-E-3.jpg,11-TD-E-3.jpg,11
11-TD-E-4.jpg,11-TD-E-4.jpg,11
11-TD-E-5.jpg,11-TD-E-5.jpg,11
110-TD-A-0.jpg,110-TD-A-0.jpg,110
110-TD-A-1.jpg,110-TD-A-1.jpg,110
110-TD-A-2.jpg,110-TD-A-2.jpg,110
110-TD-A-3.jpg,110-TD-A-3.jpg,110
110-TD-A-4.jpg,110-TD-A-4.jpg,110
110-TD-A-5.jpg,110-TD-A-5.jpg,110
110-TD-A-6.jpg,110-TD-A-6.jpg,110
110-TD-A-7.jpg,110-TD-A-7.jpg,110
110-TD-A-8.jpg,110-TD-A-8.jpg,110
110-TD-E-1.jpg,110-TD-E-1.jpg,110
110-TD-E-2.jpg,110-TD-E-2.jpg,110
110-TD-E-3.jpg,110-TD-E-3.jpg,110
110-TD-E-4.jpg,110-TD-E-4.jpg,110
110-TD-E-5.jpg,110-TD-E-5.jpg,110
111-TD-A-0.jpg,111-TD-A-0.jpg,111
111-TD-A-1.jpg,111-TD-A-1.jpg,111
111-TD-A-2.jpg,111-TD-A-2.jpg,111
111-TD-A-3.jpg,111-TD-A-3.jpg,111
111-TD-A-4.jpg,111-TD-A-4.jpg,111
111-TD-A-5.jpg,111-TD-A-5.jpg,111
111-TD-A-6.jpg,111-TD-A-6.jpg,111
111-TD-A-7.jpg,111-TD-A-7.jpg,111
111-TD-A-8.jpg,111-TD-A-8.jpg,111
111-TD-E-1.jpg,111-TD-E-1.jpg,111
111-TD-E-2.jpg,111-TD-E-2.jpg,111
111-TD-E-3.jpg,111-TD-E-3.jpg,111
111-TD-E-4.jpg,111-TD-E-4.jpg,111
111-TD-E-5.jpg,111-TD-E-5.jpg,111
112-TD-A-0.jpg,112-TD-A-0.jpg,112
112-TD-A-1.jpg,112-TD-A-1.jpg,112
112-TD-A-2.jpg,112-TD-A-2.jpg,112
112-TD-A-3.jpg,112-TD-A-3.jpg,112
112-TD-A-4.jpg,112-TD-A-4.jpg,112
112-TD-A-5.jpg,112-TD-A-5.jpg,112
112-TD-A-6.jpg,112-TD-A-6.jpg,112
112-TD-A-7.jpg,112-TD-A-7.jpg,112
112-TD-A-8.jpg,112-TD-A-8.jpg,112
112-TD-E-1.jpg,112-TD-E-1.jpg,112
112-TD-E-2.jpg,112-TD-E-2.jpg,112
112-TD-E-3.jpg,112-TD-E-3.jpg,112
112-TD-E-4.jpg,112-TD-E-4.jpg,112
112-TD-E-5.jpg,112-TD-E-5.jpg,112
113-TD-A-0.jpg,113-TD-A-0.jpg,113
113-TD-A-1.jpg,113-TD-A-1.jpg,113
113-TD-A-2.jpg,113-TD-A-2.jpg,113
113-TD-A-3.jpg,113-TD-A-3.jpg,113
113-TD-A-4.jpg,113-TD-A-4.jpg,113
113-TD-A-5.jpg,113-TD-A-5.jpg,113
113-TD-A-6.jpg,113-TD-A-6.jpg,113
113-TD-A-7.jpg,113-TD-A-7.jpg,113
113-TD-A-8.jpg,113-TD-A-8.jpg,113
113-TD-E-1.jpg,113-TD-E-1.jpg,113
113-TD-E-2.jpg,113-TD-E-2.jpg,113
113-TD-E-3.jpg,113-TD-E-3.jpg,113
113-TD-E-4.jpg,113-TD-E-4.jpg,113
113-TD-E-5.jpg,113-TD-E-5.jpg,113
12-TD-A-0.jpg,12-TD-A-0.jpg,12
12-TD-A-1.jpg,12-TD-A-1.jpg,12
12-TD-A-2.jpg,12-TD-A-2.jpg,12
12-TD-A-3.jpg,12-TD-A-3.jpg,12
12-TD-A-4.jpg,12-TD-A-4.jpg,12
12-TD-A-5.jpg,12-TD-A-5.jpg,12
12-TD-A-6.jpg,12-TD-A-6.jpg,12
12-TD-A-7.jpg,12-TD-A-7.jpg,12
12-TD-A-8.jpg,12-TD-A-8.jpg,12
12-TD-E-1.jpg,12-TD-E-1.jpg,12
12-TD-E-2.jpg,12-TD-E-2.jpg,12
12-TD-E-3.jpg,12-TD-E-3.jpg,12
12-TD-E-4.jpg,12-TD-E-4.jpg,12
12-TD-E-5.jpg,12-TD-E-5.jpg,12
13-TD-A-0.jpg,13-TD-A-0.jpg,13
13-TD-A-1.jpg,13-TD-A-1.jpg,13
13-TD-A-2.jpg,13-TD-A-2.jpg,13
13-TD-A-3.jpg,13-TD-A-3.jpg,13
13-TD-A-4.jpg,13-TD-A-4.jpg,13
13-TD-A-5.jpg,13-TD-A-5.jpg,13
13-TD-A-6.jpg,13-TD-A-6.jpg,13
13-TD-A-7.jpg,13-TD-A-7.jpg,13
13-TD-A-8.jpg,13-TD-A-8.jpg,13
13-TD-E-1.jpg,13-TD-E-1.jpg,13
13-TD-E-2.jpg,13-TD-E-2.jpg,13
13-TD-E-3.jpg,13-TD-E-3.jpg,13
13-TD-E-4.jpg,13-TD-E-4.jpg,13
13-TD-E-5.jpg,13-TD-E-5.jpg,13
14-TD-A-0.jpg,14-TD-A-0.jpg,14
14-TD-A-1.jpg,14-TD-A-1.jpg,14
14-TD-A-2.jpg,14-TD-A-2.jpg,14
14-TD-A-3.jpg,14-TD-A-3.jpg,14
14-TD-A-4.jpg,14-TD-A-4.jpg,14
14-TD-A-5.jpg,14-TD-A-5.jpg,14
14-TD-A-6.jpg,14-TD-A-6.jpg,14
14-TD-A-7.jpg,14-TD-A-7.jpg,14
14-TD-A-8.jpg,14-TD-A-8.jpg,14
14-TD-E-1.jpg,14-TD-E-1.jpg,14
14-TD-E-2.jpg,14-TD-E-2.jpg,14
14-TD-E-3.jpg,14-TD-E-3.jpg,14
14-TD-E-4.jpg,14-TD-E-4.jpg,14
14-TD-E-5.jpg,14-TD-E-5.jpg,14
15-TD-A-0.jpg,15-TD-A-0.jpg,15
15-TD-A-1.jpg,15-TD-A-1.jpg,15
15-TD-A-2.jpg,15-TD-A-2.jpg,15
15-TD-A-3.jpg,15-TD-A-3.jpg,15
15-TD-A-4.jpg,15-TD-A-4.jpg,15
15-TD-A-5.jpg,15-TD-A-5.jpg,15
15-TD-A-6.jpg,15-TD-A-6.jpg,15
15-TD-A-7.jpg,15-TD-A-7.jpg,15
15-TD-A-8.jpg,15-TD-A-8.jpg,15
15-TD-E-1.jpg,15-TD-E-1.jpg,15
15-TD-E-2.jpg,15-TD-E-2.jpg,15
15-TD-E-3.jpg,15-TD-E-3.jpg,15
15-TD-E-4.jpg,15-TD-E-4.jpg,15
15-TD-E-5.jpg,15-TD-E-5.jpg,15
16-TD-A-0.jpg,16-TD-A-0.jpg,16
16-TD-A-1.jpg,16-TD-A-1.jpg,16
16-TD-A-2.jpg,16-TD-A-2.jpg,16
16-TD-A-3.jpg,16-TD-A-3.jpg,16
16-TD-A-4.jpg,16-TD-A-4.jpg,16
16-TD-A-5.jpg,16-TD-A-5.jpg,16
16-TD-A-6.jpg,16-TD-A-6.jpg,16
16-TD-A-7.jpg,16-TD-A-7.jpg,16
16-TD-A-8.jpg,16-TD-A-8.jpg,16
16-TD-E-1.jpg,16-TD-E-1.jpg,16
16-TD-E-2.jpg,16-TD-E-2.jpg,16
16-TD-E-3.jpg,16-TD-E-3.jpg,16
16-TD-E-4.jpg,16-TD-E-4.jpg,16
16-TD-E-5.jpg,16-TD-E-5.jpg,16
17-TD-A-0.jpg,17-TD-A-0.jpg,17
17-TD-A-1.jpg,17-TD-A-1.jpg,17
17-TD-A-2.jpg,17-TD-A-2.jpg,17
17-TD-A-3.jpg,17-TD-A-3.jpg,17
17-TD-A-4.jpg,17-TD-A-4.jpg,17
17-TD-A-5.jpg,17-TD-A-5.jpg,17
17-TD-A-6.jpg,17-TD-A-6.jpg,17
17-TD-A-7.jpg,17-TD-A-7.jpg,17
17-TD-A-8.jpg,17-TD-A-8.jpg,17
17-TD-E-1.jpg,17-TD-E-1.jpg,17
17-TD-E-2.jpg,17-TD-E-2.jpg,17
17-TD-E-3.jpg,17-TD-E-3.jpg,17
17-TD-E-4.jpg,17-TD-E-4.jpg,17
17-TD-E-5.jpg,17-TD-E-5.jpg,17
18-TD-A-0.jpg,18-TD-A-0.jpg,18
18-TD-A-1.jpg,18-TD-A-1.jpg,18
18-TD-A-2.jpg,18-TD-A-2.jpg,18
18-TD-A-3.jpg,18-TD-A-3.jpg,18
18-TD-A-4.jpg,18-TD-A-4.jpg,18
18-TD-A-5.jpg,18-TD-A-5.jpg,18
18-TD-A-6.jpg,18-TD-A-6.jpg,18
18-TD-A-7.jpg,18-TD-A-7.jpg,18
18-TD-A-8.jpg,18-TD-A-8.jpg,18
18-TD-E-1.jpg,18-TD-E-1.jpg,18
18-TD-E-2.jpg,18-TD-E-2.jpg,18
18-TD-E-3.jpg,18-TD-E-3.jpg,18
18-TD-E-4.jpg,18-TD-E-4.jpg,18
18-TD-E-5.jpg,18-TD-E-5.jpg,18
19-TD-A-0.jpg,19-TD-A-0.jpg,19
19-TD-A-1.jpg,19-TD-A-1.jpg,19
19-TD-A-2.jpg,19-TD-A-2.jpg,19
19-TD-A-3.jpg,19-TD-A-3.jpg,19
19-TD-A-4.jpg,19-TD-A-4.jpg,19
19-TD-A-5.jpg,19-TD-A-5.jpg,19
19-TD-A-6.jpg,19-TD-A-6.jpg,19
19-TD-A-7.jpg,19-TD-A-7.jpg,19
19-TD-A-8.jpg,19-TD-A-8.jpg,19
19-TD-E-1.jpg,19-TD-E-1.jpg,19
19-TD-E-2.jpg,19-TD-E-2.jpg,19
19-TD-E-3.jpg,19-TD-E-3.jpg,19
19-TD-E-4.jpg,19-TD-E-4.jpg,19
19-TD-E-5.jpg,19-TD-E-5.jpg,19
2-TD-A-0.jpg,2-TD-A-0.jpg,2
2-TD-A-1.jpg,2-TD-A-1.jpg,2
2-TD-A-2.jpg,2-TD-A-2.jpg,2
2-TD-A-3.jpg,2-TD-A-3.jpg,2
2-TD-A-4.jpg,2-TD-A-4.jpg,2
2-TD-A-5.jpg,2-TD-A-5.jpg,2
2-TD-A-6.jpg,2-TD-A-6.jpg,2
2-TD-A-7.jpg,2-TD-A-7.jpg,2
2-TD-A-8.jpg,2-TD-A-8.jpg,2
2-TD-E-1.jpg,2-TD-E-1.jpg,2
2-TD-E-2.jpg,2-TD-E-2.jpg,2
2-TD-E-3.jpg,2-TD-E-3.jpg,2
2-TD-E-4.jpg,2-TD-E-4.jpg,2
2-TD-E-5.jpg,2-TD-E-5.jpg,2
20-TD-A-0.jpg,20-TD-A-0.jpg,20
20-TD-A-1.jpg,20-TD-A-1.jpg,20
20-TD-A-2.jpg,20-TD-A-2.jpg,20
20-TD-A-3.jpg,20-TD-A-3.jpg,20
20-TD-A-4.jpg,20-TD-A-4.jpg,20
20-TD-A-5.jpg,20-TD-A-5.jpg,20
20-TD-A-6.jpg,20-TD-A-6.jpg,20
20-TD-A-7.jpg,20-TD-A-7.jpg,20
20-TD-A-8.jpg,20-TD-A-8.jpg,20
20-TD-E-1.jpg,20-TD-E-1.jpg,20
20-TD-E-2.jpg,20-TD-E-2.jpg,20
20-TD-E-3.jpg,20-TD-E-3.jpg,20
20-TD-E-4.jpg,20-TD-E-4.jpg,20
20-TD-E-5.jpg,20-TD-E-5.jpg,20
21-TD-A-0.jpg,21-TD-A-0.jpg,21
21-TD-A-1.jpg,21-TD-A-1.jpg,21
21-TD-A-2.jpg,21-TD-A-2.jpg,21
21-TD-A-3.jpg,21-TD-A-3.jpg,21
21-TD-A-4.jpg,21-TD-A-4.jpg,21
21-TD-A-5.jpg,21-TD-A-5.jpg,21
21-TD-A-6.jpg,21-TD-A-6.jpg,21
21-TD-A-7.jpg,21-TD-A-7.jpg,21
21-TD-A-8.jpg,21-TD-A-8.jpg,21
21-TD-E-1.jpg,21-TD-E-1.jpg,21
21-TD-E-2.jpg,21-TD-E-2.jpg,21
21-TD-E-3.jpg,21-TD-E-3.jpg,21
21-TD-E-4.jpg,21-TD-E-4.jpg,21
21-TD-E-5.jpg,21-TD-E-5.jpg,21
22-TD-A-0.jpg,22-TD-A-0.jpg,22
22-TD-A-1.jpg,22-TD-A-1.jpg,22
22-TD-A-2.jpg,22-TD-A-2.jpg,22
22-TD-A-3.jpg,22-TD-A-3.jpg,22
22-TD-A-4.jpg,22-TD-A-4.jpg,22
22-TD-A-5.jpg,22-TD-A-5.jpg,22
22-TD-A-6.jpg,22-TD-A-6.jpg,22
22-TD-A-7.jpg,22-TD-A-7.jpg,22
22-TD-A-8.jpg,22-TD-A-8.jpg,22
22-TD-E-1.jpg,22-TD-E-1.jpg,22
22-TD-E-2.jpg,22-TD-E-2.jpg,22
22-TD-E-3.jpg,22-TD-E-3.jpg,22
22-TD-E-4.jpg,22-TD-E-4.jpg,22
22-TD-E-5.jpg,22-TD-E-5.jpg,22
23-TD-A-0.jpg,23-TD-A-0.jpg,23
23-TD-A-1.jpg,23-TD-A-1.jpg,23
23-TD-A-2.jpg,23-TD-A-2.jpg,23
23-TD-A-3.jpg,23-TD-A-3.jpg,23
23-TD-A-4.jpg,23-TD-A-4.jpg,23
23-TD-A-5.jpg,23-TD-A-5.jpg,23
23-TD-A-6.jpg,23-TD-A-6.jpg,23
23-TD-A-7.jpg,23-TD-A-7.jpg,23
23-TD-A-8.jpg,23-TD-A-8.jpg,23
23-TD-E-1.jpg,23-TD-E-1.jpg,23
23-TD-E-2.jpg,23-TD-E-2.jpg,23
23-TD-E-3.jpg,23-TD-E-3.jpg,23
23-TD-E-4.jpg,23-TD-E-4.jpg,23
23-TD-E-5.jpg,23-TD-E-5.jpg,23
24-TD-A-0.jpg,24-TD-A-0.jpg,24
24-TD-A-1.jpg,24-TD-A-1.jpg,24
24-TD-A-2.jpg,24-TD-A-2.jpg,24
24-TD-A-3.jpg,24-TD-A-3.jpg,24
24-TD-A-4.jpg,24-TD-A-4.jpg,24
24-TD-A-5.jpg,24-TD-A-5.jpg,24
24-TD-A-6.jpg,24-TD-A-6.jpg,24
24-TD-A-7.jpg,24-TD-A-7.jpg,24
24-TD-A-8.jpg,24-TD-A-8.jpg,24
24-TD-E-1.jpg,24-TD-E-1.jpg,24
24-TD-E-2.jpg,24-TD-E-2.jpg,24
24-TD-E-3.jpg,24-TD-E-3.jpg,24
24-TD-E-4.jpg,24-TD-E-4.jpg,24
24-TD-E-5.jpg,24-TD-E-5.jpg,24
25-TD-A-0.jpg,25-TD-A-0.jpg,25
25-TD-A-1.jpg,25-TD-A-1.jpg,25
25-TD-A-2.jpg,25-TD-A-2.jpg,25
25-TD-A-3.jpg,25-TD-A-3.jpg,25
25-TD-A-4.jpg,25-TD-A-4.jpg,25
25-TD-A-5.jpg,25-TD-A-5.jpg,25
25-TD-A-6.jpg,25-TD-A-6.jpg,25
25-TD-A-7.jpg,25-TD-A-7.jpg,25
25-TD-A-8.jpg,25-TD-A-8.jpg,25
25-TD-E-1.jpg,25-TD-E-1.jpg,25
25-TD-E-2.jpg,25-TD-E-2.jpg,25
25-TD-E-3.jpg,25-TD-E-3.jpg,25
25-TD-E-4.jpg,25-TD-E-4.jpg,25
25-TD-E-5.jpg,25-TD-E-5.jpg,25
26-TD-A-0.jpg,26-TD-A-0.jpg,26
26-TD-A-1.jpg,26-TD-A-1.jpg,26
26-TD-A-2.jpg,26-TD-A-2.jpg,26
26-TD-A-3.jpg,26-TD-A-3.jpg,26
26-TD-A-4.jpg,26-TD-A-4.jpg,26
26-TD-A-5.jpg,26-TD-A-5.jpg,26
26-TD-A-6.jpg,26-TD-A-6.jpg,26
26-TD-A-7.jpg,26-TD-A-7.jpg,26
26-TD-A-8.jpg,26-TD-A-8.jpg,26
26-TD-E-1.jpg,26-TD-E-1.jpg,26
26-TD-E-2.jpg,26-TD-E-2.jpg,26
26-TD-E-3.jpg,26-TD-E-3.jpg,26
26-TD-E-4.jpg,26-TD-E-4.jpg,26
26-TD-E-5.jpg,26-TD-E-5.jpg,26
27-TD-A-0.jpg,27-TD-A-0.jpg,27
27-TD-A-1.jpg,27-TD-A-1.jpg,27
27-TD-A-2.jpg,27-TD-A-2.jpg,27
27-TD-A-3.jpg,27-TD-A-3.jpg,27
27-TD-A-4.jpg,27-TD-A-4.jpg,27
27-TD-A-5.jpg,27-TD-A-5.jpg,27
27-TD-A-6.jpg,27-TD-A-6.jpg,27
27-TD-A-7.jpg,27-TD-A-7.jpg,27
27-TD-A-8.jpg,27-TD-A-8.jpg,27
27-TD-E-1.jpg,27-TD-E-1.jpg,27
27-TD-E-2.jpg,27-TD-E-2.jpg,27
27-TD-E-3.jpg,27-TD-E-3.jpg,27
27-TD-E-4.jpg,27-TD-E-4.jpg,27
27-TD-E-5.jpg,27-TD-E-5.jpg,27
28-TD-A-0.jpg,28-TD-A-0.jpg,28
28-TD-A-1.jpg,28-TD-A-1.jpg,28
28-TD-A-2.jpg,28-TD-A-2.jpg,28
28-TD-A-3.jpg,28-TD-A-3.jpg,28
28-TD-A-4.jpg,28-TD-A-4.jpg,28
28-TD-A-5.jpg,28-TD-A-5.jpg,28
28-TD-A-6.jpg,28-TD-A-6.jpg,28
28-TD-A-7.jpg,28-TD-A-7.jpg,28
28-TD-A-8.jpg,28-TD-A-8.jpg,28
28-TD-E-1.jpg,28-TD-E-1.jpg,28
28-TD-E-2.jpg,28-TD-E-2.jpg,28
28-TD-E-3.jpg,28-TD-E-3.jpg,28
28-TD-E-4.jpg,28-TD-E-4.jpg,28
28-TD-E-5.jpg,28-TD-E-5.jpg,28
29-TD-A-0.jpg,29-TD-A-0.jpg,29
29-TD-A-1.jpg,29-TD-A-1.jpg,29
29-TD-A-2.jpg,29-TD-A-2.jpg,29
29-TD-A-3.jpg,29-TD-A-3.jpg,29
29-TD-A-4.jpg,29-TD-A-4.jpg,29
29-TD-A-5.jpg,29-TD-A-5.jpg,29
29-TD-A-6.jpg,29-TD-A-6.jpg,29
29-TD-A-7.jpg,29-TD-A-7.jpg,29
29-TD-A-8.jpg,29-TD-A-8.jpg,29
29-TD-E-1.jpg,29-TD-E-1.jpg,29
29-TD-E-2.jpg,29-TD-E-2.jpg,29
29-TD-E-3.jpg,29-TD-E-3.jpg,29
29-TD-E-4.jpg,29-TD-E-4.jpg,29
29-TD-E-5.jpg,29-TD-E-5.jpg,29
3-TD-A-0.jpg,3-TD-A-0.jpg,3
3-TD-A-1.jpg,3-TD-A-1.jpg,3
3-TD-A-2.jpg,3-TD-A-2.jpg,3
3-TD-A-3.jpg,3-TD-A-3.jpg,3
3-TD-A-4.jpg,3-TD-A-4.jpg,3
3-TD-A-5.jpg,3-TD-A-5.jpg,3
3-TD-A-6.jpg,3-TD-A-6.jpg,3
3-TD-A-7.jpg,3-TD-A-7.jpg,3
3-TD-A-8.jpg,3-TD-A-8.jpg,3
3-TD-E-1.jpg,3-TD-E-1.jpg,3
3-TD-E-2.jpg,3-TD-E-2.jpg,3
3-TD-E-3.jpg,3-TD-E-3.jpg,3
3-TD-E-4.jpg,3-TD-E-4.jpg,3
3-TD-E-5.jpg,3-TD-E-5.jpg,3
30-TD-A-0.jpg,30-TD-A-0.jpg,30
30-TD-A-1.jpg,30-TD-A-1.jpg,30
30-TD-A-2.jpg,30-TD-A-2.jpg,30
30-TD-A-3.jpg,30-TD-A-3.jpg,30
30-TD-A-4.jpg,30-TD-A-4.jpg,30
30-TD-A-5.jpg,30-TD-A-5.jpg,30
30-TD-A-6.jpg,30-TD-A-6.jpg,30
30-TD-A-7.jpg,30-TD-A-7.jpg,30
30-TD-A-8.jpg,30-TD-A-8.jpg,30
30-TD-E-1.jpg,30-TD-E-1.jpg,30
30-TD-E-2.jpg,30-TD-E-2.jpg,30
30-TD-E-3.jpg,30-TD-E-3.jpg,30
30-TD-E-4.jpg,30-TD-E-4.jpg,30
30-TD-E-5.jpg,30-TD-E-5.jpg,30
31-TD-A-0.jpg,31-TD-A-0.jpg,31
31-TD-A-1.jpg,31-TD-A-1.jpg,31
31-TD-A-2.jpg,31-TD-A-2.jpg,31
31-TD-A-3.jpg,31-TD-A-3.jpg,31
31-TD-A-4.jpg,31-TD-A-4.jpg,31
31-TD-A-5.jpg,31-TD-A-5.jpg,31
31-TD-A-6.jpg,31-TD-A-6.jpg,31
31-TD-A-7.jpg,31-TD-A-7.jpg,31
31-TD-A-8.jpg,31-TD-A-8.jpg,31
31-TD-E-1.jpg,31-TD-E-1.jpg,31
31-TD-E-2.jpg,31-TD-E-2.jpg,31
31-TD-E-3.jpg,31-TD-E-3.jpg,31
31-TD-E-4.jpg,31-TD-E-4.jpg,31
31-TD-E-5.jpg,31-TD-E-5.jpg,31
32-TD-A-0.jpg,32-TD-A-0.jpg,32
32-TD-A-1.jpg,32-TD-A-1.jpg,32
32-TD-A-2.jpg,32-TD-A-2.jpg,32
32-TD-A-3.jpg,32-TD-A-3.jpg,32
32-TD-A-4.jpg,32-TD-A-4.jpg,32
32-TD-A-5.jpg,32-TD-A-5.jpg,32
32-TD-A-6.jpg,32-TD-A-6.jpg,32
32-TD-A-7.jpg,32-TD-A-7.jpg,32
32-TD-A-8.jpg,32-TD-A-8.jpg,32
32-TD-E-1.jpg,32-TD-E-1.jpg,32
32-TD-E-2.jpg,32-TD-E-2.jpg,32
32-TD-E-3.jpg,32-TD-E-3.jpg,32
32-TD-E-4.jpg,32-TD-E-4.jpg,32
32-TD-E-5.jpg,32-TD-E-5.jpg,32
33-TD-A-0.jpg,33-TD-A-0.jpg,33
33-TD-A-1.jpg,33-TD-A-1.jpg,33
33-TD-A-2.jpg,33-TD-A-2.jpg,33
33-TD-A-3.jpg,33-TD-A-3.jpg,33
33-TD-A-4.jpg,33-TD-A-4.jpg,33
33-TD-A-5.jpg,33-TD-A-5.jpg,33
33-TD-A-6.jpg,33-TD-A-6.jpg,33
33-TD-A-7.jpg,33-TD-A-7.jpg,33
33-TD-A-8.jpg,33-TD-A-8.jpg,33
33-TD-E-1.jpg,33-TD-E-1.jpg,33
33-TD-E-2.jpg,33-TD-E-2.jpg,33
33-TD-E-3.jpg,33-TD-E-3.jpg,33
33-TD-E-4.jpg,33-TD-E-4.jpg,33
33-TD-E-5.jpg,33-TD-E-5.jpg,33
34-TD-A-0.jpg,34-TD-A-0.jpg,34
34-TD-A-1.jpg,34-TD-A-1.jpg,34
34-TD-A-2.jpg,34-TD-A-2.jpg,34
34-TD-A-3.jpg,34-TD-A-3.jpg,34
34-TD-A-4.jpg,34-TD-A-4.jpg,34
34-TD-A-5.jpg,34-TD-A-5.jpg,34
34-TD-A-6.jpg,34-TD-A-6.jpg,34
34-TD-A-7.jpg,34-TD-A-7.jpg,34
34-TD-A-8.jpg,34-TD-A-8.jpg,34
34-TD-E-1.jpg,34-TD-E-1.jpg,34
34-TD-E-2.jpg,34-TD-E-2.jpg,34
34-TD-E-3.jpg,34-TD-E-3.jpg,34
34-TD-E-4.jpg,34-TD-E-4.jpg,34
34-TD-E-5.jpg,34-TD-E-5.jpg,34
35-TD-A-0.jpg,35-TD-A-0.jpg,35
35-TD-A-1.jpg,35-TD-A-1.jpg,35
35-TD-A-2.jpg,35-TD-A-2.jpg,35
35-TD-A-3.jpg,35-TD-A-3.jpg,35
35-TD-A-4.jpg,35-TD-A-4.jpg,35
35-TD-A-5.jpg,35-TD-A-5.jpg,35
35-TD-A-6.jpg,35-TD-A-6.jpg,35
35-TD-A-7.jpg,35-TD-A-7.jpg,35
35-TD-A-8.jpg,35-TD-A-8.jpg,35
35-TD-E-1.jpg,35-TD-E-1.jpg,35
35-TD-E-2.jpg,35-TD-E-2.jpg,35
35-TD-E-3.jpg,35-TD-E-3.jpg,35
35-TD-E-4.jpg,35-TD-E-4.jpg,35
35-TD-E-5.jpg,35-TD-E-5.jpg,35
36-TD-A-0.jpg,36-TD-A-0.jpg,36
36-TD-A-1.jpg,36-TD-A-1.jpg,36
36-TD-A-2.jpg,36-TD-A-2.jpg,36
36-TD-A-3.jpg,36-TD-A-3.jpg,36
36-TD-A-4.jpg,36-TD-A-4.jpg,36
36-TD-A-5.jpg,36-TD-A-5.jpg,36
36-TD-A-6.jpg,36-TD-A-6.jpg,36
36-TD-A-7.jpg,36-TD-A-7.jpg,36
36-TD-A-8.jpg,36-TD-A-8.jpg,36
36-TD-E-1.jpg,36-TD-E-1.jpg,36
36-TD-E-2.jpg,36-TD-E-2.jpg,36
36-TD-E-3.jpg,36-TD-E-3.jpg,36
36-TD-E-4.jpg,36-TD-E-4.jpg,36
36-TD-E-5.jpg,36-TD-E-5.jpg,36
37-TD-A-0.jpg,37-TD-A-0.jpg,37
37-TD-A-1.jpg,37-TD-A-1.jpg,37
37-TD-A-2.jpg,37-TD-A-2.jpg,37
37-TD-A-3.jpg,37-TD-A-3.jpg,37
37-TD-A-4.jpg,37-TD-A-4.jpg,37
37-TD-A-5.jpg,37-TD-A-5.jpg,37
37-TD-A-6.jpg,37-TD-A-6.jpg,37
37-TD-A-7.jpg,37-TD-A-7.jpg,37
37-TD-A-8.jpg,37-TD-A-8.jpg,37
37-TD-E-1.jpg,37-TD-E-1.jpg,37
37-TD-E-2.jpg,37-TD-E-2.jpg,37
37-TD-E-3.jpg,37-TD-E-3.jpg,37
37-TD-E-4.jpg,37-TD-E-4.jpg,37
37-TD-E-5.jpg,37-TD-E-5.jpg,37
38-TD-A-0.jpg,38-TD-A-0.jpg,38
38-TD-A-1.jpg,38-TD-A-1.jpg,38
38-TD-A-2.jpg,38-TD-A-2.jpg,38
38-TD-A-3.jpg,38-TD-A-3.jpg,38
38-TD-A-4.jpg,38-TD-A-4.jpg,38
38-TD-A-5.jpg,38-TD-A-5.jpg,38
38-TD-A-6.jpg,38-TD-A-6.jpg,38
38-TD-A-7.jpg,38-TD-A-7.jpg,38
38-TD-A-8.jpg,38-TD-A-8.jpg,38
38-TD-E-1.jpg,38-TD-E-1.jpg,38
38-TD-E-2.jpg,38-TD-E-2.jpg,38
38-TD-E-3.jpg,38-TD-E-3.jpg,38
38-TD-E-4.jpg,38-TD-E-4.jpg,38
38-TD-E-5.jpg,38-TD-E-5.jpg,38
39-TD-A-0.jpg,39-TD-A-0.jpg,39
39-TD-A-1.jpg,39-TD-A-1.jpg,39
39-TD-A-2.jpg,39-TD-A-2.jpg,39
39-TD-A-3.jpg,39-TD-A-3.jpg,39
39-TD-A-4.jpg,39-TD-A-4.jpg,39
39-TD-A-5.jpg,39-TD-A-5.jpg,39
39-TD-A-6.jpg,39-TD-A-6.jpg,39
39-TD-A-7.jpg,39-TD-A-7.jpg,39
39-TD-A-8.jpg,39-TD-A-8.jpg,39
39-TD-E-1.jpg,39-TD-E-1.jpg,39
39-TD-E-2.jpg,39-TD-E-2.jpg,39
39-TD-E-3.jpg,39-TD-E-3.jpg,39
39-TD-E-4.jpg,39-TD-E-4.jpg,39
39-TD-E-5.jpg,39-TD-E-5.jpg,39
4-TD-A-0.jpg,4-TD-A-0.jpg,4
4-TD-A-1.jpg,4-TD-A-1.jpg,4
4-TD-A-2.jpg,4-TD-A-2.jpg,4
4-TD-A-3.jpg,4-TD-A-3.jpg,4
4-TD-A-4.jpg,4-TD-A-4.jpg,4
4-TD-A-5.jpg,4-TD-A-5.jpg,4
4-TD-A-6.jpg,4-TD-A-6.jpg,4
4-TD-A-7.jpg,4-TD-A-7.jpg,4
4-TD-A-8.jpg,4-TD-A-8.jpg,4
4-TD-E-1.jpg,4-TD-E-1.jpg,4
4-TD-E-2.jpg,4-TD-E-2.jpg,4
4-TD-E-3.jpg,4-TD-E-3.jpg,4
4-TD-E-4.jpg,4-TD-E-4.jpg,4
4-TD-E-5.jpg,4-TD-E-5.jpg,4
40-TD-A-0.jpg,40-TD-A-0.jpg,40
40-TD-A-1.jpg,40-TD-A-1.jpg,40
40-TD-A-2.jpg,40-TD-A-2.jpg,40
40-TD-A-3.jpg,40-TD-A-3.jpg,40
40-TD-A-4.jpg,40-TD-A-4.jpg,40
40-TD-A-5.jpg,40-TD-A-5.jpg,40
40-TD-A-6.jpg,40-TD-A-6.jpg,40
40-TD-A-7.jpg,40-TD-A-7.jpg,40
40-TD-A-8.jpg,40-TD-A-8.jpg,40
40-TD-E-1.jpg,40-TD-E-1.jpg,40
40-TD-E-2.jpg,40-TD-E-2.jpg,40
40-TD-E-3.jpg,40-TD-E-3.jpg,40
40-TD-E-4.jpg,40-TD-E-4.jpg,40
40-TD-E-5.jpg,40-TD-E-5.jpg,40
41-TD-A-0.jpg,41-TD-A-0.jpg,41
41-TD-A-1.jpg,41-TD-A-1.jpg,41
41-TD-A-2.jpg,41-TD-A-2.jpg,41
41-TD-A-3.jpg,41-TD-A-3.jpg,41
41-TD-A-4.jpg,41-TD-A-4.jpg,41
41-TD-A-5.jpg,41-TD-A-5.jpg,41
41-TD-A-6.jpg,41-TD-A-6.jpg,41
41-TD-A-7.jpg,41-TD-A-7.jpg,41
41-TD-A-8.jpg,41-TD-A-8.jpg,41
41-TD-E-1.jpg,41-TD-E-1.jpg,41
41-TD-E-2.jpg,41-TD-E-2.jpg,41
41-TD-E-3.jpg,41-TD-E-3.jpg,41
41-TD-E-4.jpg,41-TD-E-4.jpg,41
41-TD-E-5.jpg,41-TD-E-5.jpg,41
42-TD-A-0.jpg,42-TD-A-0.jpg,42
42-TD-A-1.jpg,42-TD-A-1.jpg,42
42-TD-A-2.jpg,42-TD-A-2.jpg,42
42-TD-A-3.jpg,42-TD-A-3.jpg,42
42-TD-A-4.jpg,42-TD-A-4.jpg,42
42-TD-A-5.jpg,42-TD-A-5.jpg,42
42-TD-A-6.jpg,42-TD-A-6.jpg,42
42-TD-A-7.jpg,42-TD-A-7.jpg,42
42-TD-A-8.jpg,42-TD-A-8.jpg,42
42-TD-E-1.jpg,42-TD-E-1.jpg,42
42-TD-E-2.jpg,42-TD-E-2.jpg,42
42-TD-E-3.jpg,42-TD-E-3.jpg,42
42-TD-E-4.jpg,42-TD-E-4.jpg,42
42-TD-E-5.jpg,42-TD-E-5.jpg,42
43-TD-A-0.jpg,43-TD-A-0.jpg,43
43-TD-A-1.jpg,43-TD-A-1.jpg,43
43-TD-A-2.jpg,43-TD-A-2.jpg,43
43-TD-A-3.jpg,43-TD-A-3.jpg,43
43-TD-A-4.jpg,43-TD-A-4.jpg,43
43-TD-A-5.jpg,43-TD-A-5.jpg,43
43-TD-A-6.jpg,43-TD-A-6.jpg,43
43-TD-A-7.jpg,43-TD-A-7.jpg,43
43-TD-A-8.jpg,43-TD-A-8.jpg,43
43-TD-E-1.jpg,43-TD-E-1.jpg,43
43-TD-E-2.jpg,43-TD-E-2.jpg,43
43-TD-E-3.jpg,43-TD-E-3.jpg,43
43-TD-E-4.jpg,43-TD-E-4.jpg,43
43-TD-E-5.jpg,43-TD-E-5.jpg,43
44-TD-A-0.jpg,44-TD-A-0.jpg,44
44-TD-A-1.jpg,44-TD-A-1.jpg,44
44-TD-A-2.jpg,44-TD-A-2.jpg,44
44-TD-A-3.jpg,44-TD-A-3.jpg,44
44-TD-A-4.jpg,44-TD-A-4.jpg,44
44-TD-A-5.jpg,44-TD-A-5.jpg,44
44-TD-A-6.jpg,44-TD-A-6.jpg,44
44-TD-A-7.jpg,44-TD-A-7.jpg,44
44-TD-A-8.jpg,44-TD-A-8.jpg,44
44-TD-E-1.jpg,44-TD-E-1.jpg,44
44-TD-E-2.jpg,44-TD-E-2.jpg,44
44-TD-E-3.jpg,44-TD-E-3.jpg,44
44-TD-E-4.jpg,44-TD-E-4.jpg,44
44-TD-E-5.jpg,44-TD-E-5.jpg,44
45-TD-A-0.jpg,45-TD-A-0.jpg,45
45-TD-A-1.jpg,45-TD-A-1.jpg,45
45-TD-A-2.jpg,45-TD-A-2.jpg,45
45-TD-A-3.jpg,45-TD-A-3.jpg,45
45-TD-A-4.jpg,45-TD-A-4.jpg,45
45-TD-A-5.jpg,45-TD-A-5.jpg,45
45-TD-A-6.jpg,45-TD-A-6.jpg,45
45-TD-A-7.jpg,45-TD-A-7.jpg,45
45-TD-A-8.jpg,45-TD-A-8.jpg,45
45-TD-E-1.jpg,45-TD-E-1.jpg,45
45-TD-E-2.jpg,45-TD-E-2.jpg,45
45-TD-E-3.jpg,45-TD-E-3.jpg,45
45-TD-E-4.jpg,45-TD-E-4.jpg,45
45-TD-E-5.jpg,45-TD-E-5.jpg,45
46-TD-A-0.jpg,46-TD-A-0.jpg,46
46-TD-A-1.jpg,46-TD-A-1.jpg,46
46-TD-A-2.jpg,46-TD-A-2.jpg,46
46-TD-A-3.jpg,46-TD-A-3.jpg,46
46-TD-A-4.jpg,46-TD-A-4.jpg,46
46-TD-A-5.jpg,46-TD-A-5.jpg,46
46-TD-A-6.jpg,46-TD-A-6.jpg,46
46-TD-A-7.jpg,46-TD-A-7.jpg,46
46-TD-A-8.jpg,46-TD-A-8.jpg,46
46-TD-E-1.jpg,46-TD-E-1.jpg,46
46-TD-E-2.jpg,46-TD-E-2.jpg,46
46-TD-E-3.jpg,46-TD-E-3.jpg,46
46-TD-E-4.jpg,46-TD-E-4.jpg,46
46-TD-E-5.jpg,46-TD-E-5.jpg,46
48-TD-A-0.jpg,48-TD-A-0.jpg,48
48-TD-A-1.jpg,48-TD-A-1.jpg,48
48-TD-A-2.jpg,48-TD-A-2.jpg,48
48-TD-A-3.jpg,48-TD-A-3.jpg,48
48-TD-A-4.jpg,48-TD-A-4.jpg,48
48-TD-A-5.jpg,48-TD-A-5.jpg,48
48-TD-A-6.jpg,48-TD-A-6.jpg,48
48-TD-A-7.jpg,48-TD-A-7.jpg,48
48-TD-E-1.jpg,48-TD-E-1.jpg,48
48-TD-E-2.jpg,48-TD-E-2.jpg,48
48-TD-E-3.jpg,48-TD-E-3.jpg,48
48-TD-E-4.jpg,48-TD-E-4.jpg,48
48-TD-E-5.jpg,48-TD-E-5.jpg,48
49-TD-A-0.jpg,49-TD-A-0.jpg,49
49-TD-A-1.jpg,49-TD-A-1.jpg,49
49-TD-A-2.jpg,49-TD-A-2.jpg,49
49-TD-A-3.jpg,49-TD-A-3.jpg,49
49-TD-A-4.jpg,49-TD-A-4.jpg,49
49-TD-A-5.jpg,49-TD-A-5.jpg,49
49-TD-A-6.jpg,49-TD-A-6.jpg,49
49-TD-A-7.jpg,49-TD-A-7.jpg,49
49-TD-A-8.jpg,49-TD-A-8.jpg,49
49-TD-E-1.jpg,49-TD-E-1.jpg,49
49-TD-E-2.jpg,49-TD-E-2.jpg,49
49-TD-E-3.jpg,49-TD-E-3.jpg,49
49-TD-E-4.jpg,49-TD-E-4.jpg,49
49-TD-E-5.jpg,49-TD-E-5.jpg,49
5-TD-A-0.jpg,5-TD-A-0.jpg,5
5-TD-A-1.jpg,5-TD-A-1.jpg,5
5-TD-A-2.jpg,5-TD-A-2.jpg,5
5-TD-A-3.jpg,5-TD-A-3.jpg,5
5-TD-A-4.jpg,5-TD-A-4.jpg,5
5-TD-A-5.jpg,5-TD-A-5.jpg,5
5-TD-A-6.jpg,5-TD-A-6.jpg,5
5-TD-A-7.jpg,5-TD-A-7.jpg,5
5-TD-A-8.jpg,5-TD-A-8.jpg,5
5-TD-E-1.jpg,5-TD-E-1.jpg,5
5-TD-E-2.jpg,5-TD-E-2.jpg,5
5-TD-E-3.jpg,5-TD-E-3.jpg,5
5-TD-E-4.jpg,5-TD-E-4.jpg,5
5-TD-E-5.jpg,5-TD-E-5.jpg,5
50-TD-A-0.jpg,50-TD-A-0.jpg,50
50-TD-A-1.jpg,50-TD-A-1.jpg,50
50-TD-A-2.jpg,50-TD-A-2.jpg,50
50-TD-A-3.jpg,50-TD-A-3.jpg,50
50-TD-A-4.jpg,50-TD-A-4.jpg,50
50-TD-A-5.jpg,50-TD-A-5.jpg,50
50-TD-A-6.jpg,50-TD-A-6.jpg,50
50-TD-A-7.jpg,50-TD-A-7.jpg,50
50-TD-A-8.jpg,50-TD-A-8.jpg,50
51-TD-A-0.jpg,51-TD-A-0.jpg,51
51-TD-A-1.jpg,51-TD-A-1.jpg,51
51-TD-A-2.jpg,51-TD-A-2.jpg,51
51-TD-A-3.jpg,51-TD-A-3.jpg,51
51-TD-A-4.jpg,51-TD-A-4.jpg,51
51-TD-A-5.jpg,51-TD-A-5.jpg,51
51-TD-A-6.jpg,51-TD-A-6.jpg,51
51-TD-A-7.jpg,51-TD-A-7.jpg,51
51-TD-A-8.jpg,51-TD-A-8.jpg,51
51-TD-E-1.jpg,51-TD-E-1.jpg,51
51-TD-E-2.jpg,51-TD-E-2.jpg,51
51-TD-E-3.jpg,51-TD-E-3.jpg,51
51-TD-E-4.jpg,51-TD-E-4.jpg,51
51-TD-E-5.jpg,51-TD-E-5.jpg,51
52-TD-A-0.jpg,52-TD-A-0.jpg,52
52-TD-A-1.jpg,52-TD-A-1.jpg,52
52-TD-A-2.jpg,52-TD-A-2.jpg,52
52-TD-A-3.jpg,52-TD-A-3.jpg,52
52-TD-A-4.jpg,52-TD-A-4.jpg,52
52-TD-A-5.jpg,52-TD-A-5.jpg,52
52-TD-A-6.jpg,52-TD-A-6.jpg,52
52-TD-A-7.jpg,52-TD-A-7.jpg,52
52-TD-A-8.jpg,52-TD-A-8.jpg,52
52-TD-E-1.jpg,52-TD-E-1.jpg,52
52-TD-E-2.jpg,52-TD-E-2.jpg,52
52-TD-E-3.jpg,52-TD-E-3.jpg,52
52-TD-E-4.jpg,52-TD-E-4.jpg,52
52-TD-E-5.jpg,52-TD-E-5.jpg,52
53-TD-A-0.jpg,53-TD-A-0.jpg,53
53-TD-A-1.jpg,53-TD-A-1.jpg,53
53-TD-A-2.jpg,53-TD-A-2.jpg,53
53-TD-A-3.jpg,53-TD-A-3.jpg,53
53-TD-A-4.jpg,53-TD-A-4.jpg,53
53-TD-A-5.jpg,53-TD-A-5.jpg,53
53-TD-A-6.jpg,53-TD-A-6.jpg,53
53-TD-A-7.jpg,53-TD-A-7.jpg,53
53-TD-A-8.jpg,53-TD-A-8.jpg,53
53-TD-E-1.jpg,53-TD-E-1.jpg,53
53-TD-E-2.jpg,53-TD-E-2.jpg,53
53-TD-E-3.jpg,53-TD-E-3.jpg,53
53-TD-E-4.jpg,53-TD-E-4.jpg,53
53-TD-E-5.jpg,53-TD-E-5.jpg,53
54-TD-A-0.jpg,54-TD-A-0.jpg,54
54-TD-A-1.jpg,54-TD-A-1.jpg,54
54-TD-A-2.jpg,54-TD-A-2.jpg,54
54-TD-A-3.jpg,54-TD-A-3.jpg,54
54-TD-A-4.jpg,54-TD-A-4.jpg,54
54-TD-A-5.jpg,54-TD-A-5.jpg,54
54-TD-A-6.jpg,54-TD-A-6.jpg,54
54-TD-A-7.jpg,54-TD-A-7.jpg,54
54-TD-A-8.jpg,54-TD-A-8.jpg,54
54-TD-E-1.jpg,54-TD-E-1.jpg,54
54-TD-E-2.jpg,54-TD-E-2.jpg,54
54-TD-E-3.jpg,54-TD-E-3.jpg,54
54-TD-E-4.jpg,54-TD-E-4.jpg,54
54-TD-E-5.jpg,54-TD-E-5.jpg,54
55-TD-A-0.jpg,55-TD-A-0.jpg,55
55-TD-A-1.jpg,55-TD-A-1.jpg,55
55-TD-A-2.jpg,55-TD-A-2.jpg,55
55-TD-A-3.jpg,55-TD-A-3.jpg,55
55-TD-A-4.jpg,55-TD-A-4.jpg,55
55-TD-A-5.jpg,55-TD-A-5.jpg,55
55-TD-A-6.jpg,55-TD-A-6.jpg,55
55-TD-A-7.jpg,55-TD-A-7.jpg,55
55-TD-A-8.jpg,55-TD-A-8.jpg,55
55-TD-E-1.jpg,55-TD-E-1.jpg,55
55-TD-E-2.jpg,55-TD-E-2.jpg,55
55-TD-E-3.jpg,55-TD-E-3.jpg,55
55-TD-E-4.jpg,55-TD-E-4.jpg,55
55-TD-E-5.jpg,55-TD-E-5.jpg,55
56-TD-A-0.jpg,56-TD-A-0.jpg,56
56-TD-A-1.jpg,56-TD-A-1.jpg,56
56-TD-A-2.jpg,56-TD-A-2.jpg,56
56-TD-A-3.jpg,56-TD-A-3.jpg,56
56-TD-A-4.jpg,56-TD-A-4.jpg,56
56-TD-A-5.jpg,56-TD-A-5.jpg,56
56-TD-A-6.jpg,56-TD-A-6.jpg,56
56-TD-A-7.jpg,56-TD-A-7.jpg,56
56-TD-A-8.jpg,56-TD-A-8.jpg,56
56-TD-E-1.jpg,56-TD-E-1.jpg,56
56-TD-E-2.jpg,56-TD-E-2.jpg,56
56-TD-E-3.jpg,56-TD-E-3.jpg,56
56-TD-E-4.jpg,56-TD-E-4.jpg,56
56-TD-E-5.jpg,56-TD-E-5.jpg,56
57-TD-A-0.jpg,57-TD-A-0.jpg,57
57-TD-A-1.jpg,57-TD-A-1.jpg,57
57-TD-A-2.jpg,57-TD-A-2.jpg,57
57-TD-A-3.jpg,57-TD-A-3.jpg,57
57-TD-A-4.jpg,57-TD-A-4.jpg,57
57-TD-A-5.jpg,57-TD-A-5.jpg,57
57-TD-A-6.jpg,57-TD-A-6.jpg,57
57-TD-A-7.jpg,57-TD-A-7.jpg,57
57-TD-A-8.jpg,57-TD-A-8.jpg,57
57-TD-E-1.jpg,57-TD-E-1.jpg,57
57-TD-E-2.jpg,57-TD-E-2.jpg,57
57-TD-E-3.jpg,57-TD-E-3.jpg,57
57-TD-E-4.jpg,57-TD-E-4.jpg,57
57-TD-E-5.jpg,57-TD-E-5.jpg,57
58-TD-A-0.jpg,58-TD-A-0.jpg,58
58-TD-A-1.jpg,58-TD-A-1.jpg,58
58-TD-A-2.jpg,58-TD-A-2.jpg,58
58-TD-A-3.jpg,58-TD-A-3.jpg,58
58-TD-A-4.jpg,58-TD-A-4.jpg,58
58-TD-A-5.jpg,58-TD-A-5.jpg,58
58-TD-A-6.jpg,58-TD-A-6.jpg,58
58-TD-A-7.jpg,58-TD-A-7.jpg,58
58-TD-A-8.jpg,58-TD-A-8.jpg,58
58-TD-E-1.jpg,58-TD-E-1.jpg,58
58-TD-E-2.jpg,58-TD-E-2.jpg,58
58-TD-E-3.jpg,58-TD-E-3.jpg,58
58-TD-E-4.jpg,58-TD-E-4.jpg,58
58-TD-E-5.jpg,58-TD-E-5.jpg,58
59-TD-A-0.jpg,59-TD-A-0.jpg,59
59-TD-A-1.jpg,59-TD-A-1.jpg,59
59-TD-A-2.jpg,59-TD-A-2.jpg,59
59-TD-A-3.jpg,59-TD-A-3.jpg,59
59-TD-A-4.jpg,59-TD-A-4.jpg,59
59-TD-A-5.jpg,59-TD-A-5.jpg,59
59-TD-A-6.jpg,59-TD-A-6.jpg,59
59-TD-A-7.jpg,59-TD-A-7.jpg,59
59-TD-A-8.jpg,59-TD-A-8.jpg,59
59-TD-E-1.jpg,59-TD-E-1.jpg,59
59-TD-E-2.jpg,59-TD-E-2.jpg,59
59-TD-E-3.jpg,59-TD-E-3.jpg,59
59-TD-E-4.jpg,59-TD-E-4.jpg,59
59-TD-E-5.jpg,59-TD-E-5.jpg,59
6-TD-A-0.jpg,6-TD-A-0.jpg,6
6-TD-A-1.jpg,6-TD-A-1.jpg,6
6-TD-A-2.jpg,6-TD-A-2.jpg,6
6-TD-A-3.jpg,6-TD-A-3.jpg,6
6-TD-A-4.jpg,6-TD-A-4.jpg,6
6-TD-A-5.jpg,6-TD-A-5.jpg,6
6-TD-A-6.jpg,6-TD-A-6.jpg,6
6-TD-A-7.jpg,6-TD-A-7.jpg,6
6-TD-A-8.jpg,6-TD-A-8.jpg,6
6-TD-E-1.jpg,6-TD-E-1.jpg,6
6-TD-E-2.jpg,6-TD-E-2.jpg,6
6-TD-E-3.jpg,6-TD-E-3.jpg,6
6-TD-E-4.jpg,6-TD-E-4.jpg,6
6-TD-E-5.jpg,6-TD-E-5.jpg,6
60-TD-A-0.jpg,60-TD-A-0.jpg,60
60-TD-A-1.jpg,60-TD-A-1.jpg,60
60-TD-A-2.jpg,60-TD-A-2.jpg,60
60-TD-A-3.jpg,60-TD-A-3.jpg,60
60-TD-A-4.jpg,60-TD-A-4.jpg,60
60-TD-A-5.jpg,60-TD-A-5.jpg,60
60-TD-A-6.jpg,60-TD-A-6.jpg,60
60-TD-A-7.jpg,60-TD-A-7.jpg,60
60-TD-A-8.jpg,60-TD-A-8.jpg,60
60-TD-E-1.jpg,60-TD-E-1.jpg,60
60-TD-E-2.jpg,60-TD-E-2.jpg,60
60-TD-E-3.jpg,60-TD-E-3.jpg,60
60-TD-E-4.jpg,60-TD-E-4.jpg,60
60-TD-E-5.jpg,60-TD-E-5.jpg,60
61-TD-A-0.jpg,61-TD-A-0.jpg,61
61-TD-A-1.jpg,61-TD-A-1.jpg,61
61-TD-A-2.jpg,61-TD-A-2.jpg,61
61-TD-A-3.jpg,61-TD-A-3.jpg,61
61-TD-A-4.jpg,61-TD-A-4.jpg,61
61-TD-A-5.jpg,61-TD-A-5.jpg,61
61-TD-A-6.jpg,61-TD-A-6.jpg,61
61-TD-A-7.jpg,61-TD-A-7.jpg,61
61-TD-A-8.jpg,61-TD-A-8.jpg,61
61-TD-E-1.jpg,61-TD-E-1.jpg,61
61-TD-E-2.jpg,61-TD-E-2.jpg,61
61-TD-E-3.jpg,61-TD-E-3.jpg,61
61-TD-E-4.jpg,61-TD-E-4.jpg,61
61-TD-E-5.jpg,61-TD-E-5.jpg,61
62-TD-A-0.jpg,62-TD-A-0.jpg,62
62-TD-A-1.jpg,62-TD-A-1.jpg,62
62-TD-A-2.jpg,62-TD-A-2.jpg,62
62-TD-A-3.jpg,62-TD-A-3.jpg,62
62-TD-A-4.jpg,62-TD-A-4.jpg,62
62-TD-A-5.jpg,62-TD-A-5.jpg,62
62-TD-A-6.jpg,62-TD-A-6.jpg,62
62-TD-A-7.jpg,62-TD-A-7.jpg,62
62-TD-A-8.jpg,62-TD-A-8.jpg,62
62-TD-E-1.jpg,62-TD-E-1.jpg,62
62-TD-E-2.jpg,62-TD-E-2.jpg,62
62-TD-E-3.jpg,62-TD-E-3.jpg,62
62-TD-E-4.jpg,62-TD-E-4.jpg,62
62-TD-E-5.jpg,62-TD-E-5.jpg,62
63-TD-A-0.jpg,63-TD-A-0.jpg,63
63-TD-A-1.jpg,63-TD-A-1.jpg,63
63-TD-A-2.jpg,63-TD-A-2.jpg,63
63-TD-A-3.jpg,63-TD-A-3.jpg,63
63-TD-A-4.jpg,63-TD-A-4.jpg,63
63-TD-A-5.jpg,63-TD-A-5.jpg,63
63-TD-A-6.jpg,63-TD-A-6.jpg,63
63-TD-A-7.jpg,63-TD-A-7.jpg,63
63-TD-A-8.jpg,63-TD-A-8.jpg,63
63-TD-E-1.jpg,63-TD-E-1.jpg,63
63-TD-E-2.jpg,63-TD-E-2.jpg,63
63-TD-E-3.jpg,63-TD-E-3.jpg,63
63-TD-E-4.jpg,63-TD-E-4.jpg,63
63-TD-E-5.jpg,63-TD-E-5.jpg,63
64-TD-A-0.jpg,64-TD-A-0.jpg,64
64-TD-A-1.jpg,64-TD-A-1.jpg,64
64-TD-A-2.jpg,64-TD-A-2.jpg,64
64-TD-A-3.jpg,64-TD-A-3.jpg,64
64-TD-A-4.jpg,64-TD-A-4.jpg,64
64-TD-A-5.jpg,64-TD-A-5.jpg,64
64-TD-A-6.jpg,64-TD-A-6.jpg,64
64-TD-A-7.jpg,64-TD-A-7.jpg,64
64-TD-A-8.jpg,64-TD-A-8.jpg,64
64-TD-E-1.jpg,64-TD-E-1.jpg,64
64-TD-E-2.jpg,64-TD-E-2.jpg,64
64-TD-E-3.jpg,64-TD-E-3.jpg,64
64-TD-E-4.jpg,64-TD-E-4.jpg,64
64-TD-E-5.jpg,64-TD-E-5.jpg,64
65-TD-A-0.jpg,65-TD-A-0.jpg,65
65-TD-A-1.jpg,65-TD-A-1.jpg,65
65-TD-A-2.jpg,65-TD-A-2.jpg,65
65-TD-A-3.jpg,65-TD-A-3.jpg,65
65-TD-A-4.jpg,65-TD-A-4.jpg,65
65-TD-A-5.jpg,65-TD-A-5.jpg,65
65-TD-A-6.jpg,65-TD-A-6.jpg,65
65-TD-A-7.jpg,65-TD-A-7.jpg,65
65-TD-A-8.jpg,65-TD-A-8.jpg,65
65-TD-E-1.jpg,65-TD-E-1.jpg,65
65-TD-E-2.jpg,65-TD-E-2.jpg,65
65-TD-E-3.jpg,65-TD-E-3.jpg,65
65-TD-E-4.jpg,65-TD-E-4.jpg,65
65-TD-E-5.jpg,65-TD-E-5.jpg,65
66-TD-A-0.jpg,66-TD-A-0.jpg,66
66-TD-A-1.jpg,66-TD-A-1.jpg,66
66-TD-A-2.jpg,66-TD-A-2.jpg,66
66-TD-A-3.jpg,66-TD-A-3.jpg,66
66-TD-A-4.jpg,66-TD-A-4.jpg,66
66-TD-A-5.jpg,66-TD-A-5.jpg,66
66-TD-A-6.jpg,66-TD-A-6.jpg,66
66-TD-A-7.jpg,66-TD-A-7.jpg,66
66-TD-A-8.jpg,66-TD-A-8.jpg,66
66-TD-E-1.jpg,66-TD-E-1.jpg,66
66-TD-E-2.jpg,66-TD-E-2.jpg,66
66-TD-E-3.jpg,66-TD-E-3.jpg,66
66-TD-E-4.jpg,66-TD-E-4.jpg,66
66-TD-E-5.jpg,66-TD-E-5.jpg,66
67-TD-A-0.jpg,67-TD-A-0.jpg,67
67-TD-A-1.jpg,67-TD-A-1.jpg,67
67-TD-A-2.jpg,67-TD-A-2.jpg,67
67-TD-A-3.jpg,67-TD-A-3.jpg,67
67-TD-A-4.jpg,67-TD-A-4.jpg,67
67-TD-A-5.jpg,67-TD-A-5.jpg,67
67-TD-A-6.jpg,67-TD-A-6.jpg,67
67-TD-A-7.jpg,67-TD-A-7.jpg,67
67-TD-A-8.jpg,67-TD-A-8.jpg,67
67-TD-E-1.jpg,67-TD-E-1.jpg,67
67-TD-E-2.jpg,67-TD-E-2.jpg,67
67-TD-E-3.jpg,67-TD-E-3.jpg,67
67-TD-E-4.jpg,67-TD-E-4.jpg,67
67-TD-E-5.jpg,67-TD-E-5.jpg,67
68-TD-A-0.jpg,68-TD-A-0.jpg,68
68-TD-A-1.jpg,68-TD-A-1.jpg,68
68-TD-A-2.jpg,68-TD-A-2.jpg,68
68-TD-A-3.jpg,68-TD-A-3.jpg,68
68-TD-A-4.jpg,68-TD-A-4.jpg,68
68-TD-A-5.jpg,68-TD-A-5.jpg,68
68-TD-A-6.jpg,68-TD-A-6.jpg,68
68-TD-A-7.jpg,68-TD-A-7.jpg,68
68-TD-A-8.jpg,68-TD-A-8.jpg,68
68-TD-E-1.jpg,68-TD-E-1.jpg,68
68-TD-E-2.jpg,68-TD-E-2.jpg,68
68-TD-E-3.jpg,68-TD-E-3.jpg,68
68-TD-E-4.jpg,68-TD-E-4.jpg,68
68-TD-E-5.jpg,68-TD-E-5.jpg,68
69-TD-A-0.jpg,69-TD-A-0.jpg,69
69-TD-A-1.jpg,69-TD-A-1.jpg,69
69-TD-A-2.jpg,69-TD-A-2.jpg,69
69-TD-A-3.jpg,69-TD-A-3.jpg,69
69-TD-A-4.jpg,69-TD-A-4.jpg,69
69-TD-A-5.jpg,69-TD-A-5.jpg,69
69-TD-A-6.jpg,69-TD-A-6.jpg,69
69-TD-A-7.jpg,69-TD-A-7.jpg,69
69-TD-A-8.jpg,69-TD-A-8.jpg,69
69-TD-E-1.jpg,69-TD-E-1.jpg,69
69-TD-E-2.jpg,69-TD-E-2.jpg,69
69-TD-E-3.jpg,69-TD-E-3.jpg,69
69-TD-E-4.jpg,69-TD-E-4.jpg,69
69-TD-E-5.jpg,69-TD-E-5.jpg,69
7-TD-A-0.jpg,7-TD-A-0.jpg,7
7-TD-A-1.jpg,7-TD-A-1.jpg,7
7-TD-A-2.jpg,7-TD-A-2.jpg,7
7-TD-A-3.jpg,7-TD-A-3.jpg,7
7-TD-A-4.jpg,7-TD-A-4.jpg,7
7-TD-A-5.jpg,7-TD-A-5.jpg,7
7-TD-A-6.jpg,7-TD-A-6.jpg,7
7-TD-A-7.jpg,7-TD-A-7.jpg,7
7-TD-A-8.jpg,7-TD-A-8.jpg,7
7-TD-E-1.jpg,7-TD-E-1.jpg,7
7-TD-E-2.jpg,7-TD-E-2.jpg,7
7-TD-E-3.jpg,7-TD-E-3.jpg,7
7-TD-E-4.jpg,7-TD-E-4.jpg,7
7-TD-E-5.jpg,7-TD-E-5.jpg,7
70-TD-A-0.jpg,70-TD-A-0.jpg,70
70-TD-A-1.jpg,70-TD-A-1.jpg,70
70-TD-A-2.jpg,70-TD-A-2.jpg,70
70-TD-A-3.jpg,70-TD-A-3.jpg,70
70-TD-A-4.jpg,70-TD-A-4.jpg,70
70-TD-A-5.jpg,70-TD-A-5.jpg,70
70-TD-A-6.jpg,70-TD-A-6.jpg,70
70-TD-A-7.jpg,70-TD-A-7.jpg,70
70-TD-A-8.jpg,70-TD-A-8.jpg,70
70-TD-E-1.jpg,70-TD-E-1.jpg,70
70-TD-E-2.jpg,70-TD-E-2.jpg,70
70-TD-E-3.jpg,70-TD-E-3.jpg,70
70-TD-E-4.jpg,70-TD-E-4.jpg,70
70-TD-E-5.jpg,70-TD-E-5.jpg,70
71-TD-A-0.jpg,71-TD-A-0.jpg,71
71-TD-A-1.jpg,71-TD-A-1.jpg,71
71-TD-A-2.jpg,71-TD-A-2.jpg,71
71-TD-A-3.jpg,71-TD-A-3.jpg,71
71-TD-A-4.jpg,71-TD-A-4.jpg,71
71-TD-A-5.jpg,71-TD-A-5.jpg,71
71-TD-A-6.jpg,71-TD-A-6.jpg,71
71-TD-A-7.jpg,71-TD-A-7.jpg,71
71-TD-A-8.jpg,71-TD-A-8.jpg,71
71-TD-E-1.jpg,71-TD-E-1.jpg,71
71-TD-E-2.jpg,71-TD-E-2.jpg,71
71-TD-E-3.jpg,71-TD-E-3.jpg,71
71-TD-E-4.jpg,71-TD-E-4.jpg,71
71-TD-E-5.jpg,71-TD-E-5.jpg,71
72-TD-A-0.jpg,72-TD-A-0.jpg,72
72-TD-A-1.jpg,72-TD-A-1.jpg,72
72-TD-A-2.jpg,72-TD-A-2.jpg,72
72-TD-A-3.jpg,72-TD-A-3.jpg,72
72-TD-A-4.jpg,72-TD-A-4.jpg,72
72-TD-A-5.jpg,72-TD-A-5.jpg,72
72-TD-A-6.jpg,72-TD-A-6.jpg,72
72-TD-A-7.jpg,72-TD-A-7.jpg,72
72-TD-A-8.jpg,72-TD-A-8.jpg,72
72-TD-E-1.jpg,72-TD-E-1.jpg,72
72-TD-E-2.jpg,72-TD-E-2.jpg,72
72-TD-E-3.jpg,72-TD-E-3.jpg,72
72-TD-E-4.jpg,72-TD-E-4.jpg,72
72-TD-E-5.jpg,72-TD-E-5.jpg,72
73-TD-A-0.jpg,73-TD-A-0.jpg,73
73-TD-A-1.jpg,73-TD-A-1.jpg,73
73-TD-A-2.jpg,73-TD-A-2.jpg,73
73-TD-A-3.jpg,73-TD-A-3.jpg,73
73-TD-A-4.jpg,73-TD-A-4.jpg,73
73-TD-A-5.jpg,73-TD-A-5.jpg,73
73-TD-A-6.jpg,73-TD-A-6.jpg,73
73-TD-A-7.jpg,73-TD-A-7.jpg,73
73-TD-E-1.jpg,73-TD-E-1.jpg,73
73-TD-E-2.jpg,73-TD-E-2.jpg,73
73-TD-E-3.jpg,73-TD-E-3.jpg,73
73-TD-E-4.jpg,73-TD-E-4.jpg,73
73-TD-E-5.jpg,73-TD-E-5.jpg,73
74-TD-E-1.jpg,74-TD-E-1.jpg,74
74-TD-E-2.jpg,74-TD-E-2.jpg,74
74-TD-E-3.jpg,74-TD-E-3.jpg,74
74-TD-E-4.jpg,74-TD-E-4.jpg,74
74-TD-E-5.jpg,74-TD-E-5.jpg,74
75-TD-A-0.jpg,75-TD-A-0.jpg,75
75-TD-A-1.jpg,75-TD-A-1.jpg,75
75-TD-A-2.jpg,75-TD-A-2.jpg,75
75-TD-A-3.jpg,75-TD-A-3.jpg,75
75-TD-A-4.jpg,75-TD-A-4.jpg,75
75-TD-A-5.jpg,75-TD-A-5.jpg,75
75-TD-A-6.jpg,75-TD-A-6.jpg,75
75-TD-A-7.jpg,75-TD-A-7.jpg,75
75-TD-A-8.jpg,75-TD-A-8.jpg,75
75-TD-E-1.jpg,75-TD-E-1.jpg,75
75-TD-E-2.jpg,75-TD-E-2.jpg,75
75-TD-E-3.jpg,75-TD-E-3.jpg,75
75-TD-E-4.jpg,75-TD-E-4.jpg,75
75-TD-E-5.jpg,75-TD-E-5.jpg,75
76-TD-E-1.jpg,76-TD-E-1.jpg,76
76-TD-E-2.jpg,76-TD-E-2.jpg,76
76-TD-E-3.jpg,76-TD-E-3.jpg,76
76-TD-E-4.jpg,76-TD-E-4.jpg,76
76-TD-E-5.jpg,76-TD-E-5.jpg,76
77-TD-A-0.jpg,77-TD-A-0.jpg,77
77-TD-A-1.jpg,77-TD-A-1.jpg,77
77-TD-A-2.jpg,77-TD-A-2.jpg,77
77-TD-A-3.jpg,77-TD-A-3.jpg,77
77-TD-A-4.jpg,77-TD-A-4.jpg,77
77-TD-A-5.jpg,77-TD-A-5.jpg,77
77-TD-A-6.jpg,77-TD-A-6.jpg,77
77-TD-A-7.jpg,77-TD-A-7.jpg,77
77-TD-A-8.jpg,77-TD-A-8.jpg,77
77-TD-E-1.jpg,77-TD-E-1.jpg,77
77-TD-E-2.jpg,77-TD-E-2.jpg,77
77-TD-E-3.jpg,77-TD-E-3.jpg,77
77-TD-E-4.jpg,77-TD-E-4.jpg,77
77-TD-E-5.jpg,77-TD-E-5.jpg,77
78-TD-A-0.jpg,78-TD-A-0.jpg,78
78-TD-A-1.jpg,78-TD-A-1.jpg,78
78-TD-A-2.jpg,78-TD-A-2.jpg,78
78-TD-A-3.jpg,78-TD-A-3.jpg,78
78-TD-A-4.jpg,78-TD-A-4.jpg,78
78-TD-A-5.jpg,78-TD-A-5.jpg,78
78-TD-A-6.jpg,78-TD-A-6.jpg,78
78-TD-A-7.jpg,78-TD-A-7.jpg,78
78-TD-A-8.jpg,78-TD-A-8.jpg,78
78-TD-E-1.jpg,78-TD-E-1.jpg,78
78-TD-E-2.jpg,78-TD-E-2.jpg,78
78-TD-E-3.jpg,78-TD-E-3.jpg,78
78-TD-E-4.jpg,78-TD-E-4.jpg,78
78-TD-E-5.jpg,78-TD-E-5.jpg,78
79-TD-A-0.jpg,79-TD-A-0.jpg,79
79-TD-A-1.jpg,79-TD-A-1.jpg,79
79-TD-A-2.jpg,79-TD-A-2.jpg,79
79-TD-A-3.jpg,79-TD-A-3.jpg,79
79-TD-A-4.jpg,79-TD-A-4.jpg,79
79-TD-A-5.jpg,79-TD-A-5.jpg,79
79-TD-A-6.jpg,79-TD-A-6.jpg,79
79-TD-A-7.jpg,79-TD-A-7.jpg,79
79-TD-A-8.jpg,79-TD-A-8.jpg,79
79-TD-E-1.jpg,79-TD-E-1.jpg,79
79-TD-E-2.jpg,79-TD-E-2.jpg,79
79-TD-E-3.jpg,79-TD-E-3.jpg,79
79-TD-E-4.jpg,79-TD-E-4.jpg,79
79-TD-E-5.jpg,79-TD-E-5.jpg,79
8-TD-A-0.jpg,8-TD-A-0.jpg,8
8-TD-A-1.jpg,8-TD-A-1.jpg,8
8-TD-A-2.jpg,8-TD-A-2.jpg,8
8-TD-A-3.jpg,8-TD-A-3.jpg,8
8-TD-A-4.jpg,8-TD-A-4.jpg,8
8-TD-A-5.jpg,8-TD-A-5.jpg,8
8-TD-A-6.jpg,8-TD-A-6.jpg,8
8-TD-A-7.jpg,8-TD-A-7.jpg,8
8-TD-A-8.jpg,8-TD-A-8.jpg,8
8-TD-E-1.jpg,8-TD-E-1.jpg,8
8-TD-E-2.jpg,8-TD-E-2.jpg,8
8-TD-E-3.jpg,8-TD-E-3.jpg,8
8-TD-E-4.jpg,8-TD-E-4.jpg,8
8-TD-E-5.jpg,8-TD-E-5.jpg,8
80-TD-A-0.jpg,80-TD-A-0.jpg,80
80-TD-A-1.jpg,80-TD-A-1.jpg,80
80-TD-A-2.jpg,80-TD-A-2.jpg,80
80-TD-A-3.jpg,80-TD-A-3.jpg,80
80-TD-A-4.jpg,80-TD-A-4.jpg,80
80-TD-A-5.jpg,80-TD-A-5.jpg,80
80-TD-A-6.jpg,80-TD-A-6.jpg,80
80-TD-A-7.jpg,80-TD-A-7.jpg,80
80-TD-A-8.jpg,80-TD-A-8.jpg,80
80-TD-E-1.jpg,80-TD-E-1.jpg,80
80-TD-E-2.jpg,80-TD-E-2.jpg,80
80-TD-E-3.jpg,80-TD-E-3.jpg,80
80-TD-E-4.jpg,80-TD-E-4.jpg,80
80-TD-E-5.jpg,80-TD-E-5.jpg,80
81-TD-A-0.jpg,81-TD-A-0.jpg,81
81-TD-A-1.jpg,81-TD-A-1.jpg,81
81-TD-A-2.jpg,81-TD-A-2.jpg,81
81-TD-A-3.jpg,81-TD-A-3.jpg,81
81-TD-A-4.jpg,81-TD-A-4.jpg,81
81-TD-A-5.jpg,81-TD-A-5.jpg,81
81-TD-A-6.jpg,81-TD-A-6.jpg,81
81-TD-A-7.jpg,81-TD-A-7.jpg,81
81-TD-A-8.jpg,81-TD-A-8.jpg,81
81-TD-E-1.jpg,81-TD-E-1.jpg,81
81-TD-E-2.jpg,81-TD-E-2.jpg,81
81-TD-E-3.jpg,81-TD-E-3.jpg,81
81-TD-E-4.jpg,81-TD-E-4.jpg,81
81-TD-E-5.jpg,81-TD-E-5.jpg,81
82-TD-A-0.jpg,82-TD-A-0.jpg,82
82-TD-A-1.jpg,82-TD-A-1.jpg,82
82-TD-A-2.jpg,82-TD-A-2.jpg,82
82-TD-A-3.jpg,82-TD-A-3.jpg,82
82-TD-A-4.jpg,82-TD-A-4.jpg,82
82-TD-A-5.jpg,82-TD-A-5.jpg,82
82-TD-A-6.jpg,82-TD-A-6.jpg,82
82-TD-A-7.jpg,82-TD-A-7.jpg,82
82-TD-A-8.jpg,82-TD-A-8.jpg,82
82-TD-E-1.jpg,82-TD-E-1.jpg,82
82-TD-E-3.jpg,82-TD-E-3.jpg,82
82-TD-E-4.jpg,82-TD-E-4.jpg,82
82-TD-E-5.jpg,82-TD-E-5.jpg,82
83-TD-A-0.jpg,83-TD-A-0.jpg,83
83-TD-A-1.jpg,83-TD-A-1.jpg,83
83-TD-A-2.jpg,83-TD-A-2.jpg,83
83-TD-A-3.jpg,83-TD-A-3.jpg,83
83-TD-A-4.jpg,83-TD-A-4.jpg,83
83-TD-A-5.jpg,83-TD-A-5.jpg,83
83-TD-A-6.jpg,83-TD-A-6.jpg,83
83-TD-A-7.jpg,83-TD-A-7.jpg,83
83-TD-A-8.jpg,83-TD-A-8.jpg,83
83-TD-E-1.jpg,83-TD-E-1.jpg,83
83-TD-E-2.jpg,83-TD-E-2.jpg,83
83-TD-E-3.jpg,83-TD-E-3.jpg,83
83-TD-E-4.jpg,83-TD-E-4.jpg,83
83-TD-E-5.jpg,83-TD-E-5.jpg,83
84-TD-A-0.jpg,84-TD-A-0.jpg,84
84-TD-A-1.jpg,84-TD-A-1.jpg,84
84-TD-A-2.jpg,84-TD-A-2.jpg,84
84-TD-A-3.jpg,84-TD-A-3.jpg,84
84-TD-A-4.jpg,84-TD-A-4.jpg,84
84-TD-A-5.jpg,84-TD-A-5.jpg,84
84-TD-A-6.jpg,84-TD-A-6.jpg,84
84-TD-A-7.jpg,84-TD-A-7.jpg,84
84-TD-A-8.jpg,84-TD-A-8.jpg,84
84-TD-E-1.jpg,84-TD-E-1.jpg,84
84-TD-E-2.jpg,84-TD-E-2.jpg,84
84-TD-E-3.jpg,84-TD-E-3.jpg,84
84-TD-E-4.jpg,84-TD-E-4.jpg,84
84-TD-E-5.jpg,84-TD-E-5.jpg,84
85-TD-A-0.jpg,85-TD-A-0.jpg,85
85-TD-A-1.jpg,85-TD-A-1.jpg,85
85-TD-A-2.jpg,85-TD-A-2.jpg,85
85-TD-A-3.jpg,85-TD-A-3.jpg,85
85-TD-A-4.jpg,85-TD-A-4.jpg,85
85-TD-A-5.jpg,85-TD-A-5.jpg,85
85-TD-A-6.jpg,85-TD-A-6.jpg,85
85-TD-A-7.jpg,85-TD-A-7.jpg,85
85-TD-A-8.jpg,85-TD-A-8.jpg,85
85-TD-E-1.jpg,85-TD-E-1.jpg,85
85-TD-E-2.jpg,85-TD-E-2.jpg,85
85-TD-E-3.jpg,85-TD-E-3.jpg,85
85-TD-E-4.jpg,85-TD-E-4.jpg,85
85-TD-E-5.jpg,85-TD-E-5.jpg,85
86-TD-A-0.jpg,86-TD-A-0.jpg,86
86-TD-A-1.jpg,86-TD-A-1.jpg,86
86-TD-A-2.jpg,86-TD-A-2.jpg,86
86-TD-A-3.jpg,86-TD-A-3.jpg,86
86-TD-A-4.jpg,86-TD-A-4.jpg,86
86-TD-A-5.jpg,86-TD-A-5.jpg,86
86-TD-A-6.jpg,86-TD-A-6.jpg,86
86-TD-A-7.jpg,86-TD-A-7.jpg,86
86-TD-A-8.jpg,86-TD-A-8.jpg,86
86-TD-E-1.jpg,86-TD-E-1.jpg,86
86-TD-E-2.jpg,86-TD-E-2.jpg,86
86-TD-E-3.jpg,86-TD-E-3.jpg,86
86-TD-E-4.jpg,86-TD-E-4.jpg,86
86-TD-E-5.jpg,86-TD-E-5.jpg,86
87-TD-A-0.jpg,87-TD-A-0.jpg,87
87-TD-A-1.jpg,87-TD-A-1.jpg,87
87-TD-A-2.jpg,87-TD-A-2.jpg,87
87-TD-A-3.jpg,87-TD-A-3.jpg,87
87-TD-A-4.jpg,87-TD-A-4.jpg,87
87-TD-A-5.jpg,87-TD-A-5.jpg,87
87-TD-A-6.jpg,87-TD-A-6.jpg,87
87-TD-A-7.jpg,87-TD-A-7.jpg,87
87-TD-A-8.jpg,87-TD-A-8.jpg,87
87-TD-E-1.jpg,87-TD-E-1.jpg,87
87-TD-E-2.jpg,87-TD-E-2.jpg,87
87-TD-E-3.jpg,87-TD-E-3.jpg,87
87-TD-E-4.jpg,87-TD-E-4.jpg,87
87-TD-E-5.jpg,87-TD-E-5.jpg,87
88-TD-A-0.jpg,88-TD-A-0.jpg,88
88-TD-A-1.jpg,88-TD-A-1.jpg,88
88-TD-A-2.jpg,88-TD-A-2.jpg,88
88-TD-A-3.jpg,88-TD-A-3.jpg,88
88-TD-A-4.jpg,88-TD-A-4.jpg,88
88-TD-A-5.jpg,88-TD-A-5.jpg,88
88-TD-A-6.jpg,88-TD-A-6.jpg,88
88-TD-A-7.jpg,88-TD-A-7.jpg,88
88-TD-A-8.jpg,88-TD-A-8.jpg,88
88-TD-E-1.jpg,88-TD-E-1.jpg,88
88-TD-E-2.jpg,88-TD-E-2.jpg,88
88-TD-E-3.jpg,88-TD-E-3.jpg,88
88-TD-E-4.jpg,88-TD-E-4.jpg,88
88-TD-E-5.jpg,88-TD-E-5.jpg,88
89-TD-A-0.jpg,89-TD-A-0.jpg,89
89-TD-A-1.jpg,89-TD-A-1.jpg,89
89-TD-A-2.jpg,89-TD-A-2.jpg,89
89-TD-A-3.jpg,89-TD-A-3.jpg,89
89-TD-A-4.jpg,89-TD-A-4.jpg,89
89-TD-A-5.jpg,89-TD-A-5.jpg,89
89-TD-A-6.jpg,89-TD-A-6.jpg,89
89-TD-A-7.jpg,89-TD-A-7.jpg,89
89-TD-A-8.jpg,89-TD-A-8.jpg,89
89-TD-E-1.jpg,89-TD-E-1.jpg,89
89-TD-E-2.jpg,89-TD-E-2.jpg,89
89-TD-E-3.jpg,89-TD-E-3.jpg,89
89-TD-E-4.jpg,89-TD-E-4.jpg,89
89-TD-E-5.jpg,89-TD-E-5.jpg,89
9-TD-A-0.jpg,9-TD-A-0.jpg,9
9-TD-A-1.jpg,9-TD-A-1.jpg,9
9-TD-A-2.jpg,9-TD-A-2.jpg,9
9-TD-A-3.jpg,9-TD-A-3.jpg,9
9-TD-A-4.jpg,9-TD-A-4.jpg,9
9-TD-A-5.jpg,9-TD-A-5.jpg,9
9-TD-A-6.jpg,9-TD-A-6.jpg,9
9-TD-A-7.jpg,9-TD-A-7.jpg,9
9-TD-A-8.jpg,9-TD-A-8.jpg,9
9-TD-E-1.jpg,9-TD-E-1.jpg,9
9-TD-E-2.jpg,9-TD-E-2.jpg,9
9-TD-E-3.jpg,9-TD-E-3.jpg,9
9-TD-E-4.jpg,9-TD-E-4.jpg,9
9-TD-E-5.jpg,9-TD-E-5.jpg,9
90-TD-A-0.jpg,90-TD-A-0.jpg,90
90-TD-A-1.jpg,90-TD-A-1.jpg,90
90-TD-A-2.jpg,90-TD-A-2.jpg,90
90-TD-A-3.jpg,90-TD-A-3.jpg,90
90-TD-A-4.jpg,90-TD-A-4.jpg,90
90-TD-A-5.jpg,90-TD-A-5.jpg,90
90-TD-A-6.jpg,90-TD-A-6.jpg,90
90-TD-A-7.jpg,90-TD-A-7.jpg,90
90-TD-A-8.jpg,90-TD-A-8.jpg,90
90-TD-E-1.jpg,90-TD-E-1.jpg,90
90-TD-E-2.jpg,90-TD-E-2.jpg,90
90-TD-E-3.jpg,90-TD-E-3.jpg,90
90-TD-E-4.jpg,90-TD-E-4.jpg,90
90-TD-E-5.jpg,90-TD-E-5.jpg,90
91-TD-A-0.jpg,91-TD-A-0.jpg,91
91-TD-A-1.jpg,91-TD-A-1.jpg,91
91-TD-A-2.jpg,91-TD-A-2.jpg,91
91-TD-A-3.jpg,91-TD-A-3.jpg,91
91-TD-A-4.jpg,91-TD-A-4.jpg,91
91-TD-A-5.jpg,91-TD-A-5.jpg,91
91-TD-A-6.jpg,91-TD-A-6.jpg,91
91-TD-A-7.jpg,91-TD-A-7.jpg,91
91-TD-A-8.jpg,91-TD-A-8.jpg,91
91-TD-E-1.jpg,91-TD-E-1.jpg,91
91-TD-E-2.jpg,91-TD-E-2.jpg,91
91-TD-E-3.jpg,91-TD-E-3.jpg,91
91-TD-E-4.jpg,91-TD-E-4.jpg,91
91-TD-E-5.jpg,91-TD-E-5.jpg,91
92-TD-A-0.jpg,92-TD-A-0.jpg,92
92-TD-A-1.jpg,92-TD-A-1.jpg,92
92-TD-A-2.jpg,92-TD-A-2.jpg,92
92-TD-A-3.jpg,92-TD-A-3.jpg,92
92-TD-A-4.jpg,92-TD-A-4.jpg,92
92-TD-A-5.jpg,92-TD-A-5.jpg,92
92-TD-A-6.jpg,92-TD-A-6.jpg,92
92-TD-A-7.jpg,92-TD-A-7.jpg,92
92-TD-A-8.jpg,92-TD-A-8.jpg,92
92-TD-E-1.jpg,92-TD-E-1.jpg,92
92-TD-E-2.jpg,92-TD-E-2.jpg,92
92-TD-E-3.jpg,92-TD-E-3.jpg,92
92-TD-E-4.jpg,92-TD-E-4.jpg,92
92-TD-E-5.jpg,92-TD-E-5.jpg,92
93-TD-A-0.jpg,93-TD-A-0.jpg,93
93-TD-A-1.jpg,93-TD-A-1.jpg,93
93-TD-A-2.jpg,93-TD-A-2.jpg,93
93-TD-A-3.jpg,93-TD-A-3.jpg,93
93-TD-A-4.jpg,93-TD-A-4.jpg,93
93-TD-A-5.jpg,93-TD-A-5.jpg,93
93-TD-A-6.jpg,93-TD-A-6.jpg,93
93-TD-A-7.jpg,93-TD-A-7.jpg,93
93-TD-A-8.jpg,93-TD-A-8.jpg,93
93-TD-E-1.jpg,93-TD-E-1.jpg,93
93-TD-E-2.jpg,93-TD-E-2.jpg,93
93-TD-E-3.jpg,93-TD-E-3.jpg,93
93-TD-E-4.jpg,93-TD-E-4.jpg,93
93-TD-E-5.jpg,93-TD-E-5.jpg,93
94-TD-A-0.jpg,94-TD-A-0.jpg,94
94-TD-A-1.jpg,94-TD-A-1.jpg,94
94-TD-A-2.jpg,94-TD-A-2.jpg,94
94-TD-A-3.jpg,94-TD-A-3.jpg,94
94-TD-A-4.jpg,94-TD-A-4.jpg,94
94-TD-A-5.jpg,94-TD-A-5.jpg,94
94-TD-A-6.jpg,94-TD-A-6.jpg,94
94-TD-A-7.jpg,94-TD-A-7.jpg,94
94-TD-A-8.jpg,94-TD-A-8.jpg,94
94-TD-E-1.jpg,94-TD-E-1.jpg,94
94-TD-E-2.jpg,94-TD-E-2.jpg,94
94-TD-E-3.jpg,94-TD-E-3.jpg,94
94-TD-E-4.jpg,94-TD-E-4.jpg,94
94-TD-E-5.jpg,94-TD-E-5.jpg,94
95-TD-A-0.jpg,95-TD-A-0.jpg,95
95-TD-A-1.jpg,95-TD-A-1.jpg,95
95-TD-A-2.jpg,95-TD-A-2.jpg,95
95-TD-A-3.jpg,95-TD-A-3.jpg,95
95-TD-A-4.jpg,95-TD-A-4.jpg,95
95-TD-A-5.jpg,95-TD-A-5.jpg,95
95-TD-A-6.jpg,95-TD-A-6.jpg,95
95-TD-A-7.jpg,95-TD-A-7.jpg,95
95-TD-A-8.jpg,95-TD-A-8.jpg,95
95-TD-E-1.jpg,95-TD-E-1.jpg,95
95-TD-E-2.jpg,95-TD-E-2.jpg,95
95-TD-E-3.jpg,95-TD-E-3.jpg,95
95-TD-E-4.jpg,95-TD-E-4.jpg,95
95-TD-E-5.jpg,95-TD-E-5.jpg,95
96-TD-E-1.jpg,96-TD-E-1.jpg,96
96-TD-E-2.jpg,96-TD-E-2.jpg,96
96-TD-E-3.jpg,96-TD-E-3.jpg,96
96-TD-E-4.jpg,96-TD-E-4.jpg,96
96-TD-E-5.jpg,96-TD-E-5.jpg,96
97-TD-A-0.jpg,97-TD-A-0.jpg,97
97-TD-A-1.jpg,97-TD-A-1.jpg,97
97-TD-A-2.jpg,97-TD-A-2.jpg,97
97-TD-A-3.jpg,97-TD-A-3.jpg,97
97-TD-A-4.jpg,97-TD-A-4.jpg,97
97-TD-A-5.jpg,97-TD-A-5.jpg,97
97-TD-A-6.jpg,97-TD-A-6.jpg,97
97-TD-A-7.jpg,97-TD-A-7.jpg,97
97-TD-A-8.jpg,97-TD-A-8.jpg,97
97-TD-E-1.jpg,97-TD-E-1.jpg,97
97-TD-E-2.jpg,97-TD-E-2.jpg,97
97-TD-E-3.jpg,97-TD-E-3.jpg,97
97-TD-E-4.jpg,97-TD-E-4.jpg,97
97-TD-E-5.jpg,97-TD-E-5.jpg,97
98-TD-A-0.jpg,98-TD-A-0.jpg,98
98-TD-A-1.jpg,98-TD-A-1.jpg,98
98-TD-A-2.jpg,98-TD-A-2.jpg,98
98-TD-A-3.jpg,98-TD-A-3.jpg,98
98-TD-A-4.jpg,98-TD-A-4.jpg,98
98-TD-A-5.jpg,98-TD-A-5.jpg,98
98-TD-A-6.jpg,98-TD-A-6.jpg,98
98-TD-A-7.jpg,98-TD-A-7.jpg,98
98-TD-A-8.jpg,98-TD-A-8.jpg,98
98-TD-E-1.jpg,98-TD-E-1.jpg,98
98-TD-E-2.jpg,98-TD-E-2.jpg,98
98-TD-E-3.jpg,98-TD-E-3.jpg,98
98-TD-E-4.jpg,98-TD-E-4.jpg,98
98-TD-E-5.jpg,98-TD-E-5.jpg,98
99-TD-A-0.jpg,99-TD-A-0.jpg,99
99-TD-A-1.jpg,99-TD-A-1.jpg,99
99-TD-A-2.jpg,99-TD-A-2.jpg,99
99-TD-A-3.jpg,99-TD-A-3.jpg,99
99-TD-A-4.jpg,99-TD-A-4.jpg,99
99-TD-A-5.jpg,99-TD-A-5.jpg,99
99-TD-A-6.jpg,99-TD-A-6.jpg,99
99-TD-A-7.jpg,99-TD-A-7.jpg,99
99-TD-A-8.jpg,99-TD-A-8.jpg,99
99-TD-E-1.jpg,99-TD-E-1.jpg,99
99-TD-E-2.jpg,99-TD-E-2.jpg,99
99-TD-E-3.jpg,99-TD-E-3.jpg,99
99-TD-E-4.jpg,99-TD-E-4.jpg,99
99-TD-E-5.jpg,99-TD-E-5.jpg,99
